"no-account";"executable";"ilo";"motivation";"background";"illustrated";"pedagogical";"original";"easteregg";"language"
0 ; 1 ; 0 ; 0 ; 1 ; 0 ; 1 ; 1 ; 1 ; 1 ; 1 ; 0
1 ; 0 ; 1 ; 0 ; 0 ; 0 ; 1 ; 1 ; 1 ; 0 ; 1 ; 0
0 ; 1 ; 1 ; 1 ; 1 ; 1 ; 1 ; 1 ; 0 ; 0 ; 1 ; 0
1 ; 1 ; 0 ; 1 ; 1 ; 1 ; 1 ; 0 ; 0 ; 0 ; 1 ; 0
0 ; 1 ; 1 ; 0 ; 0 ; 1 ; 1 ; 0 ; 0 ; 1 ; 1 ; 0
1 ; 0 ; 0 ; 0 ; 0 ; 1 ; 0 ; 0 ; 0 ; 1 ; 1 ; 1
0 ; 1 ; 1 ; 1 ; 1 ; 1 ; 1 ; 1 ; 1 ; 0 ; 1 ; 1
1 ; 1 ; 1 ; 1 ; 0 ; 1 ; 1 ; 0 ; 0 ; 0 ; 0 ; 0
0 ; 0 ; 1 ; 1 ; 0 ; 0 ; 0 ; 0 ; 1 ; 0 ; 0 ; 0
1 ; 0 ; 1 ; 1 ; 0 ; 0 ; 1 ; 0 ; 1 ; 0 ; 1 ; 1
1 ; 0 ; 0 ; 1 ; 1 ; 0 ; 0 ; 0 ; 0 ; 1 ; 1 ; 0
1 ; 0 ; 1 ; 1 ; 0 ; 1 ; 0 ; 1 ; 1 ; 0 ; 1 ; 1
0 ; 0 ; 1 ; 1 ; 0 ; 1 ; 0 ; 1 ; 0 ; 1 ; 1 ; 1
1 ; 0 ; 0 ; 0 ; 0 ; 1 ; 1 ; 1 ; 0 ; 0 ; 1 ; 1
1 ; 1 ; 1 ; 0 ; 0 ; 0 ; 1 ; 1 ; 0 ; 1 ; 1 ; 1
0 ; 1 ; 0 ; 0 ; 0 ; 1 ; 0 ; 1 ; 1 ; 0 ; 0 ; 1
0 ; 0 ; 0 ; 0 ; 0 ; 1 ; 0 ; 0 ; 0 ; 0 ; 1 ; 0
0 ; 1 ; 0 ; 0 ; 0 ; 1 ; 0 ; 0 ; 0 ; 1 ; 0 ; 1
1 ; 1 ; 0 ; 0 ; 1 ; 1 ; 1 ; 1 ; 0 ; 1 ; 0 ; 1
0 ; 0 ; 1 ; 1 ; 1 ; 0 ; 1 ; 1 ; 0 ; 0 ; 0 ; 0
1 ; 1 ; 0 ; 1 ; 1 ; 1 ; 0 ; 0 ; 0 ; 0 ; 0 ; 1
1 ; 1 ; 1 ; 1 ; 1 ; 1 ; 0 ; 0 ; 0 ; 0 ; 0 ; 1
0 ; 1 ; 1 ; 0 ; 1 ; 1 ; 0 ; 1 ; 0 ; 1 ; 0 ; 0
0 ; 1 ; 0 ; 1 ; 0 ; 1 ; 1 ; 0 ; 0 ; 1 ; 0 ; 1
0 ; 0 ; 1 ; 0 ; 1 ; 1 ; 0 ; 1 ; 0 ; 1 ; 1 ; 1
0 ; 1 ; 0 ; 0 ; 1 ; 0 ; 0 ; 0 ; 0 ; 1 ; 1 ; 1
1 ; 0 ; 1 ; 1 ; 1 ; 0 ; 0 ; 1 ; 0 ; 0 ; 0 ; 0
1 ; 0 ; 0 ; 1 ; 1 ; 0 ; 0 ; 1 ; 0 ; 0 ; 0 ; 0
1 ; 0 ; 1 ; 1 ; 0 ; 0 ; 1 ; 1 ; 1 ; 1 ; 1 ; 0
1 ; 1 ; 1 ; 0 ; 0 ; 1 ; 0 ; 1 ; 1 ; 0 ; 0 ; 1
1 ; 0 ; 1 ; 1 ; 1 ; 1 ; 1 ; 0 ; 0 ; 0 ; 1 ; 1
0 ; 1 ; 0 ; 1 ; 0 ; 0 ; 1 ; 1 ; 0 ; 1 ; 0 ; 0
1 ; 0 ; 0 ; 0 ; 0 ; 1 ; 0 ; 1 ; 1 ; 1 ; 1 ; 1
0 ; 1 ; 0 ; 0 ; 1 ; 1 ; 0 ; 0 ; 1 ; 1 ; 0 ; 1
0 ; 1 ; 0 ; 0 ; 0 ; 1 ; 1 ; 0 ; 1 ; 1 ; 0 ; 1
1 ; 1 ; 1 ; 1 ; 1 ; 1 ; 0 ; 1 ; 0 ; 0 ; 0 ; 1
0 ; 1 ; 1 ; 0 ; 0 ; 1 ; 0 ; 0 ; 0 ; 1 ; 1 ; 1
1 ; 0 ; 1 ; 0 ; 0 ; 1 ; 0 ; 1 ; 0 ; 0 ; 1 ; 0
1 ; 0 ; 1 ; 0 ; 0 ; 1 ; 0 ; 0 ; 0 ; 1 ; 1 ; 1
1 ; 0 ; 1 ; 1 ; 0 ; 1 ; 1 ; 1 ; 0 ; 1 ; 0 ; 0
0 ; 1 ; 0 ; 1 ; 1 ; 0 ; 0 ; 1 ; 0 ; 0 ; 1 ; 1
0 ; 0 ; 1 ; 1 ; 0 ; 0 ; 1 ; 0 ; 0 ; 0 ; 0 ; 1
1 ; 0 ; 0 ; 0 ; 1 ; 1 ; 0 ; 0 ; 1 ; 1 ; 1 ; 1
0 ; 1 ; 1 ; 0 ; 0 ; 0 ; 1 ; 1 ; 0 ; 0 ; 0 ; 0
1 ; 1 ; 1 ; 0 ; 1 ; 1 ; 1 ; 0 ; 1 ; 1 ; 0 ; 0
1 ; 1 ; 1 ; 0 ; 1 ; 1 ; 1 ; 1 ; 0 ; 0 ; 1 ; 0
0 ; 0 ; 1 ; 0 ; 0 ; 1 ; 0 ; 1 ; 0 ; 0 ; 1 ; 1
1 ; 0 ; 1 ; 1 ; 0 ; 0 ; 1 ; 1 ; 0 ; 0 ; 0 ; 0
1 ; 0 ; 1 ; 1 ; 0 ; 1 ; 1 ; 1 ; 1 ; 1 ; 1 ; 0
0 ; 1 ; 1 ; 0 ; 1 ; 0 ; 0 ; 1 ; 0 ; 0 ; 1 ; 0
1 ; 0 ; 1 ; 0 ; 0 ; 0 ; 0 ; 1 ; 1 ; 1 ; 1 ; 0
0 ; 1 ; 1 ; 1 ; 1 ; 0 ; 0 ; 1 ; 0 ; 1 ; 0 ; 0
1 ; 0 ; 0 ; 0 ; 1 ; 0 ; 1 ; 0 ; 0 ; 0 ; 0 ; 1
1 ; 1 ; 1 ; 1 ; 0 ; 1 ; 1 ; 0 ; 0 ; 0 ; 0 ; 1
1 ; 1 ; 1 ; 0 ; 1 ; 1 ; 1 ; 0 ; 1 ; 1 ; 0 ; 0
0 ; 0 ; 1 ; 1 ; 1 ; 1 ; 0 ; 0 ; 1 ; 0 ; 1 ; 1
1 ; 1 ; 0 ; 1 ; 1 ; 0 ; 1 ; 1 ; 0 ; 1 ; 1 ; 0
0 ; 0 ; 0 ; 0 ; 1 ; 0 ; 1 ; 1 ; 1 ; 0 ; 0 ; 0
0 ; 0 ; 0 ; 0 ; 0 ; 1 ; 0 ; 0 ; 0 ; 1 ; 1 ; 0
0 ; 0 ; 0 ; 0 ; 0 ; 1 ; 0 ; 1 ; 1 ; 1 ; 0 ; 0
0 ; 0 ; 0 ; 0 ; 0 ; 1 ; 0 ; 1 ; 0 ; 1 ; 0 ; 1
0 ; 1 ; 1 ; 1 ; 0 ; 1 ; 1 ; 0 ; 0 ; 1 ; 0 ; 1
1 ; 0 ; 1 ; 0 ; 1 ; 0 ; 1 ; 1 ; 0 ; 0 ; 1 ; 1
1 ; 0 ; 1 ; 0 ; 1 ; 1 ; 0 ; 0 ; 0 ; 1 ; 0 ; 0
1 ; 0 ; 0 ; 1 ; 0 ; 0 ; 1 ; 1 ; 1 ; 1 ; 0 ; 0
0 ; 0 ; 1 ; 0 ; 1 ; 1 ; 0 ; 0 ; 1 ; 1 ; 1 ; 0
0 ; 0 ; 0 ; 0 ; 0 ; 0 ; 0 ; 0 ; 1 ; 0 ; 1 ; 1
0 ; 0 ; 0 ; 1 ; 0 ; 0 ; 1 ; 1 ; 0 ; 1 ; 1 ; 1
1 ; 0 ; 1 ; 1 ; 1 ; 1 ; 1 ; 0 ; 0 ; 1 ; 0 ; 0
1 ; 1 ; 0 ; 0 ; 0 ; 1 ; 1 ; 0 ; 0 ; 1 ; 1 ; 0
0 ; 0 ; 1 ; 1 ; 1 ; 0 ; 0 ; 0 ; 1 ; 1 ; 0 ; 1
0 ; 0 ; 0 ; 1 ; 1 ; 1 ; 0 ; 1 ; 1 ; 1 ; 0 ; 0
0 ; 1 ; 1 ; 0 ; 0 ; 0 ; 1 ; 0 ; 0 ; 0 ; 0 ; 0
1 ; 0 ; 1 ; 1 ; 1 ; 0 ; 1 ; 0 ; 0 ; 0 ; 1 ; 0
1 ; 0 ; 1 ; 0 ; 1 ; 0 ; 1 ; 0 ; 0 ; 1 ; 0 ; 1
0 ; 0 ; 1 ; 1 ; 0 ; 1 ; 1 ; 0 ; 0 ; 0 ; 1 ; 1
1 ; 1 ; 0 ; 1 ; 0 ; 1 ; 1 ; 1 ; 0 ; 1 ; 1 ; 1
0 ; 0 ; 0 ; 0 ; 1 ; 0 ; 0 ; 1 ; 1 ; 1 ; 0 ; 1
0 ; 1 ; 0 ; 1 ; 0 ; 1 ; 0 ; 1 ; 0 ; 0 ; 0 ; 0
1 ; 0 ; 0 ; 0 ; 0 ; 0 ; 0 ; 0 ; 1 ; 1 ; 0 ; 1
1 ; 0 ; 0 ; 0 ; 0 ; 0 ; 1 ; 0 ; 0 ; 1 ; 1 ; 0
1 ; 0 ; 0 ; 1 ; 0 ; 1 ; 0 ; 0 ; 0 ; 1 ; 1 ; 1
0 ; 0 ; 1 ; 1 ; 0 ; 1 ; 1 ; 0 ; 1 ; 0 ; 1 ; 0
0 ; 1 ; 1 ; 0 ; 1 ; 1 ; 0 ; 1 ; 1 ; 1 ; 0 ; 1
1 ; 0 ; 1 ; 1 ; 1 ; 1 ; 1 ; 0 ; 1 ; 0 ; 1 ; 0
1 ; 1 ; 1 ; 1 ; 0 ; 1 ; 0 ; 1 ; 1 ; 0 ; 0 ; 1
0 ; 1 ; 0 ; 0 ; 1 ; 0 ; 1 ; 1 ; 0 ; 1 ; 1 ; 0
0 ; 1 ; 0 ; 0 ; 0 ; 0 ; 0 ; 0 ; 1 ; 1 ; 0 ; 0
0 ; 1 ; 1 ; 1 ; 1 ; 0 ; 0 ; 0 ; 1 ; 1 ; 0 ; 1
1 ; 0 ; 1 ; 1 ; 1 ; 0 ; 1 ; 0 ; 1 ; 0 ; 1 ; 0
1 ; 1 ; 1 ; 1 ; 0 ; 1 ; 1 ; 1 ; 0 ; 1 ; 0 ; 0
0 ; 1 ; 0 ; 1 ; 1 ; 0 ; 1 ; 1 ; 1 ; 1 ; 1 ; 1
0 ; 0 ; 1 ; 0 ; 1 ; 0 ; 0 ; 1 ; 1 ; 0 ; 0 ; 1
0 ; 1 ; 0 ; 0 ; 1 ; 1 ; 0 ; 1 ; 1 ; 0 ; 0 ; 1
0 ; 0 ; 1 ; 0 ; 1 ; 1 ; 1 ; 0 ; 0 ; 1 ; 0 ; 1
1 ; 1 ; 0 ; 1 ; 0 ; 0 ; 1 ; 0 ; 0 ; 0 ; 0 ; 0
1 ; 0 ; 1 ; 0 ; 1 ; 1 ; 1 ; 1 ; 1 ; 1 ; 1 ; 1
1 ; 1 ; 0 ; 1 ; 0 ; 1 ; 0 ; 0 ; 0 ; 1 ; 0 ; 1
1 ; 1 ; 0 ; 1 ; 0 ; 0 ; 0 ; 0 ; 1 ; 0 ; 0 ; 1
0 ; 0 ; 1 ; 0 ; 0 ; 1 ; 0 ; 0 ; 1 ; 0 ; 1 ; 0
0 ; 1 ; 1 ; 0 ; 1 ; 0 ; 1 ; 0 ; 0 ; 1 ; 0 ; 1
1 ; 1 ; 0 ; 1 ; 0 ; 1 ; 0 ; 0 ; 1 ; 1 ; 0 ; 1
1 ; 0 ; 1 ; 1 ; 0 ; 1 ; 1 ; 1 ; 0 ; 0 ; 0 ; 1
1 ; 0 ; 0 ; 0 ; 1 ; 0 ; 0 ; 0 ; 0 ; 1 ; 0 ; 1
0 ; 1 ; 0 ; 0 ; 0 ; 1 ; 0 ; 1 ; 1 ; 0 ; 0 ; 1
1 ; 1 ; 1 ; 1 ; 0 ; 1 ; 0 ; 0 ; 1 ; 0 ; 0 ; 1
0 ; 0 ; 0 ; 0 ; 0 ; 1 ; 1 ; 1 ; 1 ; 0 ; 1 ; 1
0 ; 0 ; 0 ; 0 ; 0 ; 1 ; 1 ; 0 ; 0 ; 0 ; 1 ; 1
0 ; 1 ; 0 ; 1 ; 0 ; 1 ; 1 ; 1 ; 1 ; 0 ; 0 ; 0
1 ; 0 ; 1 ; 1 ; 0 ; 1 ; 0 ; 0 ; 1 ; 0 ; 1 ; 1
0 ; 1 ; 1 ; 0 ; 1 ; 1 ; 1 ; 0 ; 1 ; 1 ; 0 ; 0
0 ; 0 ; 0 ; 1 ; 1 ; 0 ; 0 ; 1 ; 0 ; 0 ; 1 ; 0
1 ; 0 ; 1 ; 1 ; 1 ; 1 ; 1 ; 0 ; 1 ; 0 ; 0 ; 0
1 ; 1 ; 1 ; 1 ; 1 ; 1 ; 0 ; 1 ; 0 ; 1 ; 1 ; 1
0 ; 0 ; 0 ; 1 ; 1 ; 0 ; 0 ; 0 ; 0 ; 0 ; 1 ; 1
0 ; 1 ; 1 ; 0 ; 0 ; 0 ; 0 ; 1 ; 1 ; 1 ; 0 ; 0
1 ; 0 ; 1 ; 0 ; 1 ; 0 ; 1 ; 0 ; 1 ; 0 ; 1 ; 0
0 ; 1 ; 0 ; 1 ; 0 ; 0 ; 0 ; 1 ; 1 ; 0 ; 1 ; 1
0 ; 1 ; 1 ; 0 ; 0 ; 1 ; 0 ; 1 ; 0 ; 1 ; 0 ; 0
1 ; 1 ; 1 ; 1 ; 1 ; 1 ; 0 ; 1 ; 0 ; 0 ; 0 ; 1
0 ; 0 ; 1 ; 0 ; 0 ; 1 ; 1 ; 0 ; 1 ; 1 ; 0 ; 1
1 ; 1 ; 0 ; 1 ; 0 ; 0 ; 1 ; 0 ; 1 ; 0 ; 0 ; 0
1 ; 1 ; 1 ; 1 ; 0 ; 1 ; 1 ; 0 ; 1 ; 0 ; 1 ; 1
1 ; 0 ; 1 ; 0 ; 0 ; 1 ; 1 ; 0 ; 1 ; 0 ; 0 ; 0
1 ; 1 ; 1 ; 1 ; 0 ; 1 ; 1 ; 0 ; 1 ; 1 ; 0 ; 1
0 ; 1 ; 1 ; 0 ; 1 ; 1 ; 1 ; 1 ; 0 ; 1 ; 0 ; 1
1 ; 1 ; 0 ; 0 ; 1 ; 1 ; 0 ; 1 ; 0 ; 0 ; 1 ; 0
0 ; 0 ; 1 ; 0 ; 0 ; 1 ; 0 ; 0 ; 1 ; 0 ; 0 ; 1
1 ; 1 ; 1 ; 0 ; 0 ; 1 ; 0 ; 1 ; 1 ; 0 ; 1 ; 1
1 ; 1 ; 1 ; 1 ; 1 ; 0 ; 1 ; 1 ; 0 ; 0 ; 1 ; 1
0 ; 1 ; 0 ; 1 ; 0 ; 1 ; 0 ; 1 ; 1 ; 1 ; 0 ; 0
0 ; 1 ; 1 ; 1 ; 1 ; 0 ; 0 ; 1 ; 1 ; 1 ; 1 ; 1
1 ; 1 ; 0 ; 1 ; 1 ; 0 ; 0 ; 0 ; 0 ; 1 ; 1 ; 0
0 ; 1 ; 0 ; 0 ; 0 ; 1 ; 1 ; 0 ; 0 ; 0 ; 0 ; 1
1 ; 0 ; 0 ; 0 ; 1 ; 0 ; 0 ; 1 ; 1 ; 1 ; 0 ; 1
1 ; 0 ; 0 ; 1 ; 0 ; 1 ; 0 ; 1 ; 1 ; 0 ; 0 ; 1
1 ; 1 ; 0 ; 1 ; 0 ; 1 ; 0 ; 1 ; 1 ; 0 ; 0 ; 1
1 ; 1 ; 0 ; 0 ; 0 ; 1 ; 1 ; 1 ; 1 ; 0 ; 1 ; 1
1 ; 1 ; 0 ; 0 ; 1 ; 0 ; 1 ; 0 ; 0 ; 0 ; 1 ; 1
0 ; 0 ; 0 ; 1 ; 0 ; 0 ; 1 ; 1 ; 0 ; 0 ; 0 ; 0
0 ; 1 ; 1 ; 0 ; 0 ; 1 ; 0 ; 1 ; 0 ; 1 ; 0 ; 1
1 ; 0 ; 1 ; 1 ; 0 ; 1 ; 1 ; 1 ; 1 ; 0 ; 0 ; 1
0 ; 0 ; 1 ; 1 ; 0 ; 0 ; 1 ; 1 ; 0 ; 1 ; 1 ; 0
0 ; 0 ; 1 ; 0 ; 0 ; 1 ; 1 ; 0 ; 0 ; 0 ; 0 ; 1
1 ; 1 ; 0 ; 1 ; 0 ; 1 ; 0 ; 1 ; 0 ; 0 ; 1 ; 1
0 ; 1 ; 1 ; 0 ; 0 ; 0 ; 0 ; 0 ; 1 ; 1 ; 1 ; 1
0 ; 0 ; 1 ; 1 ; 1 ; 0 ; 1 ; 1 ; 0 ; 1 ; 1 ; 1
1 ; 1 ; 0 ; 1 ; 0 ; 1 ; 0 ; 0 ; 0 ; 1 ; 1 ; 0
0 ; 1 ; 0 ; 0 ; 1 ; 1 ; 1 ; 1 ; 0 ; 0 ; 0 ; 0
1 ; 1 ; 0 ; 1 ; 0 ; 0 ; 0 ; 0 ; 0 ; 1 ; 0 ; 0
0 ; 0 ; 0 ; 1 ; 1 ; 0 ; 1 ; 0 ; 0 ; 1 ; 1 ; 1
0 ; 1 ; 1 ; 0 ; 1 ; 1 ; 0 ; 1 ; 0 ; 0 ; 1 ; 0
0 ; 0 ; 0 ; 1 ; 0 ; 0 ; 0 ; 1 ; 0 ; 0 ; 0 ; 0
1 ; 1 ; 0 ; 0 ; 1 ; 1 ; 1 ; 0 ; 0 ; 1 ; 1 ; 0
0 ; 1 ; 0 ; 0 ; 0 ; 0 ; 1 ; 0 ; 0 ; 0 ; 1 ; 0
1 ; 0 ; 0 ; 0 ; 0 ; 1 ; 1 ; 1 ; 0 ; 1 ; 1 ; 1
1 ; 0 ; 1 ; 0 ; 1 ; 0 ; 1 ; 1 ; 0 ; 1 ; 0 ; 1
0 ; 1 ; 0 ; 1 ; 0 ; 1 ; 1 ; 1 ; 1 ; 1 ; 1 ; 0
0 ; 1 ; 1 ; 1 ; 1 ; 1 ; 1 ; 1 ; 1 ; 1 ; 1 ; 1
0 ; 1 ; 0 ; 0 ; 0 ; 0 ; 0 ; 0 ; 0 ; 0 ; 1 ; 1
0 ; 1 ; 1 ; 0 ; 0 ; 0 ; 0 ; 0 ; 0 ; 0 ; 0 ; 0
1 ; 0 ; 0 ; 1 ; 0 ; 0 ; 1 ; 0 ; 1 ; 0 ; 1 ; 1
0 ; 1 ; 1 ; 1 ; 1 ; 1 ; 0 ; 1 ; 1 ; 1 ; 0 ; 1
1 ; 1 ; 1 ; 1 ; 0 ; 0 ; 1 ; 1 ; 1 ; 0 ; 0 ; 1
1 ; 0 ; 0 ; 0 ; 1 ; 0 ; 1 ; 0 ; 1 ; 1 ; 1 ; 1
1 ; 1 ; 1 ; 0 ; 0 ; 0 ; 1 ; 1 ; 1 ; 0 ; 1 ; 1
0 ; 0 ; 1 ; 0 ; 1 ; 1 ; 1 ; 1 ; 0 ; 0 ; 0 ; 1
0 ; 1 ; 0 ; 1 ; 1 ; 0 ; 0 ; 1 ; 0 ; 1 ; 0 ; 0
1 ; 1 ; 1 ; 1 ; 0 ; 1 ; 1 ; 0 ; 0 ; 0 ; 1 ; 0
0 ; 0 ; 0 ; 0 ; 1 ; 1 ; 0 ; 0 ; 1 ; 1 ; 1 ; 1
0 ; 1 ; 0 ; 0 ; 0 ; 1 ; 1 ; 1 ; 1 ; 1 ; 0 ; 0
0 ; 1 ; 0 ; 0 ; 1 ; 0 ; 0 ; 1 ; 1 ; 0 ; 0 ; 1
0 ; 1 ; 0 ; 1 ; 1 ; 0 ; 1 ; 0 ; 0 ; 1 ; 0 ; 1
0 ; 0 ; 1 ; 1 ; 1 ; 0 ; 0 ; 0 ; 1 ; 0 ; 0 ; 1
1 ; 1 ; 1 ; 1 ; 0 ; 1 ; 1 ; 1 ; 1 ; 0 ; 0 ; 1
1 ; 0 ; 1 ; 1 ; 1 ; 1 ; 0 ; 0 ; 0 ; 1 ; 1 ; 1
1 ; 0 ; 1 ; 1 ; 1 ; 0 ; 1 ; 0 ; 1 ; 0 ; 0 ; 1
1 ; 1 ; 1 ; 0 ; 0 ; 1 ; 1 ; 0 ; 0 ; 1 ; 0 ; 0
0 ; 0 ; 1 ; 1 ; 1 ; 1 ; 1 ; 0 ; 0 ; 0 ; 0 ; 1
1 ; 1 ; 0 ; 1 ; 0 ; 0 ; 0 ; 0 ; 0 ; 1 ; 1 ; 0
0 ; 1 ; 0 ; 1 ; 1 ; 1 ; 0 ; 1 ; 1 ; 1 ; 1 ; 1
1 ; 0 ; 0 ; 1 ; 1 ; 0 ; 1 ; 0 ; 1 ; 1 ; 1 ; 1
0 ; 0 ; 1 ; 1 ; 1 ; 1 ; 0 ; 1 ; 1 ; 1 ; 0 ; 0
1 ; 0 ; 0 ; 0 ; 1 ; 0 ; 1 ; 1 ; 0 ; 0 ; 0 ; 1
1 ; 0 ; 1 ; 1 ; 0 ; 0 ; 1 ; 0 ; 1 ; 0 ; 1 ; 1
1 ; 0 ; 0 ; 1 ; 1 ; 0 ; 1 ; 1 ; 0 ; 0 ; 0 ; 1
0 ; 0 ; 0 ; 1 ; 0 ; 0 ; 0 ; 1 ; 0 ; 1 ; 1 ; 1
0 ; 1 ; 1 ; 0 ; 0 ; 1 ; 1 ; 1 ; 1 ; 0 ; 1 ; 0
0 ; 1 ; 1 ; 0 ; 1 ; 1 ; 1 ; 1 ; 0 ; 0 ; 1 ; 1
1 ; 1 ; 0 ; 0 ; 0 ; 0 ; 1 ; 1 ; 1 ; 0 ; 0 ; 1
0 ; 1 ; 0 ; 0 ; 0 ; 1 ; 1 ; 0 ; 1 ; 0 ; 0 ; 1
0 ; 0 ; 1 ; 1 ; 1 ; 0 ; 1 ; 0 ; 1 ; 1 ; 1 ; 0
1 ; 0 ; 0 ; 1 ; 0 ; 0 ; 1 ; 0 ; 1 ; 1 ; 1 ; 1
1 ; 1 ; 1 ; 0 ; 0 ; 0 ; 1 ; 0 ; 0 ; 1 ; 1 ; 0
0 ; 1 ; 1 ; 0 ; 1 ; 1 ; 1 ; 0 ; 0 ; 1 ; 0 ; 1
1 ; 0 ; 0 ; 0 ; 0 ; 0 ; 1 ; 1 ; 0 ; 1 ; 0 ; 1
1 ; 1 ; 0 ; 1 ; 0 ; 0 ; 1 ; 0 ; 0 ; 1 ; 1 ; 0
1 ; 1 ; 1 ; 0 ; 1 ; 1 ; 0 ; 1 ; 1 ; 1 ; 0 ; 0
1 ; 0 ; 0 ; 0 ; 1 ; 1 ; 1 ; 0 ; 1 ; 0 ; 1 ; 0
1 ; 1 ; 1 ; 0 ; 0 ; 0 ; 0 ; 0 ; 1 ; 0 ; 1 ; 1
1 ; 1 ; 1 ; 0 ; 1 ; 1 ; 0 ; 1 ; 0 ; 0 ; 0 ; 1
0 ; 1 ; 0 ; 1 ; 0 ; 1 ; 1 ; 1 ; 0 ; 0 ; 0 ; 1
1 ; 0 ; 0 ; 1 ; 1 ; 0 ; 1 ; 1 ; 0 ; 0 ; 1 ; 0
0 ; 0 ; 1 ; 1 ; 0 ; 1 ; 1 ; 0 ; 1 ; 0 ; 1 ; 0
0 ; 1 ; 0 ; 1 ; 1 ; 0 ; 0 ; 1 ; 1 ; 1 ; 1 ; 0
0 ; 0 ; 0 ; 1 ; 0 ; 0 ; 0 ; 0 ; 1 ; 0 ; 1 ; 0
1 ; 1 ; 0 ; 0 ; 1 ; 1 ; 1 ; 0 ; 0 ; 0 ; 1 ; 1
1 ; 0 ; 1 ; 1 ; 1 ; 0 ; 0 ; 0 ; 1 ; 1 ; 1 ; 1
1 ; 0 ; 0 ; 0 ; 0 ; 1 ; 1 ; 0 ; 0 ; 0 ; 0 ; 0
0 ; 1 ; 1 ; 0 ; 1 ; 1 ; 0 ; 0 ; 1 ; 1 ; 1 ; 0
0 ; 0 ; 1 ; 1 ; 0 ; 0 ; 0 ; 1 ; 1 ; 1 ; 0 ; 0
0 ; 0 ; 1 ; 0 ; 1 ; 0 ; 0 ; 1 ; 0 ; 0 ; 0 ; 1
1 ; 0 ; 0 ; 0 ; 1 ; 0 ; 1 ; 1 ; 0 ; 0 ; 0 ; 0
0 ; 0 ; 1 ; 1 ; 1 ; 0 ; 0 ; 0 ; 0 ; 1 ; 1 ; 0
1 ; 1 ; 0 ; 0 ; 0 ; 0 ; 0 ; 0 ; 0 ; 0 ; 1 ; 0
0 ; 1 ; 0 ; 0 ; 1 ; 0 ; 1 ; 1 ; 1 ; 1 ; 0 ; 1
0 ; 0 ; 0 ; 0 ; 0 ; 0 ; 1 ; 1 ; 0 ; 0 ; 1 ; 0
1 ; 1 ; 1 ; 0 ; 0 ; 1 ; 1 ; 0 ; 1 ; 0 ; 1 ; 1
0 ; 0 ; 1 ; 0 ; 0 ; 0 ; 0 ; 0 ; 1 ; 0 ; 0 ; 0
0 ; 1 ; 0 ; 0 ; 0 ; 1 ; 0 ; 0 ; 0 ; 1 ; 0 ; 1
1 ; 0 ; 1 ; 1 ; 0 ; 0 ; 1 ; 1 ; 0 ; 1 ; 0 ; 1
0 ; 0 ; 1 ; 0 ; 1 ; 0 ; 0 ; 1 ; 0 ; 0 ; 1 ; 1
1 ; 0 ; 1 ; 0 ; 0 ; 1 ; 0 ; 1 ; 0 ; 1 ; 0 ; 1
0 ; 1 ; 0 ; 1 ; 1 ; 1 ; 0 ; 1 ; 1 ; 1 ; 1 ; 1
0 ; 0 ; 0 ; 1 ; 1 ; 1 ; 0 ; 0 ; 1 ; 1 ; 1 ; 0
1 ; 1 ; 1 ; 0 ; 1 ; 0 ; 1 ; 0 ; 0 ; 1 ; 1 ; 1
0 ; 1 ; 1 ; 0 ; 0 ; 1 ; 0 ; 0 ; 1 ; 0 ; 1 ; 1
0 ; 1 ; 0 ; 1 ; 0 ; 0 ; 0 ; 1 ; 0 ; 0 ; 1 ; 1
0 ; 0 ; 1 ; 0 ; 1 ; 0 ; 1 ; 0 ; 1 ; 1 ; 1 ; 0
0 ; 0 ; 1 ; 0 ; 0 ; 0 ; 0 ; 0 ; 0 ; 1 ; 0 ; 1
1 ; 1 ; 0 ; 1 ; 0 ; 1 ; 0 ; 1 ; 1 ; 0 ; 1 ; 1
0 ; 0 ; 1 ; 1 ; 0 ; 1 ; 0 ; 1 ; 0 ; 0 ; 0 ; 1
0 ; 0 ; 0 ; 1 ; 1 ; 1 ; 1 ; 1 ; 0 ; 0 ; 1 ; 1
0 ; 0 ; 1 ; 1 ; 1 ; 0 ; 0 ; 1 ; 1 ; 1 ; 0 ; 0
1 ; 1 ; 1 ; 0 ; 0 ; 1 ; 1 ; 0 ; 0 ; 0 ; 0 ; 1
1 ; 0 ; 1 ; 0 ; 1 ; 1 ; 0 ; 0 ; 0 ; 0 ; 1 ; 0
1 ; 0 ; 1 ; 0 ; 0 ; 0 ; 0 ; 0 ; 0 ; 1 ; 0 ; 1
1 ; 0 ; 1 ; 1 ; 1 ; 1 ; 0 ; 0 ; 1 ; 1 ; 1 ; 1
0 ; 0 ; 0 ; 0 ; 0 ; 1 ; 1 ; 1 ; 1 ; 1 ; 0 ; 0
0 ; 0 ; 1 ; 1 ; 1 ; 1 ; 1 ; 0 ; 1 ; 0 ; 1 ; 0
0 ; 1 ; 0 ; 0 ; 1 ; 1 ; 0 ; 1 ; 1 ; 1 ; 1 ; 0
1 ; 1 ; 0 ; 0 ; 1 ; 1 ; 1 ; 0 ; 0 ; 1 ; 0 ; 0
1 ; 1 ; 0 ; 0 ; 0 ; 0 ; 0 ; 0 ; 1 ; 0 ; 0 ; 1
1 ; 1 ; 0 ; 1 ; 0 ; 0 ; 0 ; 0 ; 0 ; 0 ; 0 ; 1
0 ; 1 ; 0 ; 1 ; 1 ; 0 ; 0 ; 0 ; 0 ; 1 ; 0 ; 0
0 ; 0 ; 0 ; 0 ; 1 ; 1 ; 0 ; 1 ; 0 ; 0 ; 1 ; 1
0 ; 1 ; 1 ; 0 ; 1 ; 1 ; 0 ; 1 ; 1 ; 0 ; 1 ; 1
1 ; 0 ; 0 ; 1 ; 0 ; 0 ; 0 ; 0 ; 0 ; 0 ; 1 ; 0
1 ; 0 ; 0 ; 0 ; 1 ; 0 ; 0 ; 1 ; 1 ; 0 ; 1 ; 0
0 ; 1 ; 1 ; 0 ; 1 ; 0 ; 1 ; 1 ; 1 ; 1 ; 0 ; 0
0 ; 1 ; 1 ; 1 ; 1 ; 1 ; 0 ; 0 ; 1 ; 1 ; 1 ; 1
1 ; 0 ; 1 ; 1 ; 0 ; 1 ; 1 ; 0 ; 0 ; 0 ; 0 ; 0
0 ; 1 ; 1 ; 0 ; 0 ; 1 ; 0 ; 1 ; 1 ; 1 ; 0 ; 1
1 ; 0 ; 0 ; 1 ; 1 ; 0 ; 1 ; 1 ; 0 ; 0 ; 0 ; 0
1 ; 1 ; 0 ; 0 ; 0 ; 0 ; 1 ; 1 ; 0 ; 0 ; 0 ; 0
1 ; 1 ; 1 ; 0 ; 1 ; 1 ; 1 ; 0 ; 0 ; 1 ; 1 ; 0
1 ; 0 ; 0 ; 0 ; 1 ; 1 ; 0 ; 0 ; 1 ; 1 ; 0 ; 1
0 ; 0 ; 1 ; 0 ; 0 ; 0 ; 0 ; 0 ; 0 ; 1 ; 1 ; 0
1 ; 0 ; 1 ; 1 ; 0 ; 1 ; 0 ; 1 ; 1 ; 0 ; 0 ; 1
0 ; 0 ; 1 ; 0 ; 0 ; 0 ; 1 ; 0 ; 1 ; 0 ; 1 ; 1
0 ; 1 ; 1 ; 0 ; 0 ; 0 ; 1 ; 1 ; 0 ; 0 ; 1 ; 0
0 ; 1 ; 0 ; 1 ; 1 ; 0 ; 0 ; 0 ; 0 ; 1 ; 1 ; 0
1 ; 1 ; 0 ; 0 ; 0 ; 0 ; 0 ; 0 ; 0 ; 1 ; 0 ; 1
1 ; 0 ; 1 ; 0 ; 0 ; 0 ; 0 ; 0 ; 0 ; 1 ; 1 ; 0
0 ; 1 ; 0 ; 0 ; 1 ; 0 ; 0 ; 0 ; 0 ; 0 ; 1 ; 1
1 ; 1 ; 1 ; 0 ; 1 ; 1 ; 0 ; 1 ; 1 ; 1 ; 1 ; 0
1 ; 1 ; 1 ; 0 ; 1 ; 1 ; 1 ; 0 ; 1 ; 1 ; 1 ; 0
1 ; 1 ; 0 ; 0 ; 0 ; 0 ; 0 ; 1 ; 0 ; 1 ; 0 ; 0
1 ; 0 ; 1 ; 1 ; 0 ; 1 ; 0 ; 1 ; 1 ; 1 ; 0 ; 1
1 ; 1 ; 0 ; 0 ; 1 ; 1 ; 0 ; 0 ; 0 ; 1 ; 0 ; 1
1 ; 1 ; 1 ; 0 ; 1 ; 1 ; 1 ; 0 ; 0 ; 0 ; 1 ; 0
1 ; 1 ; 1 ; 1 ; 1 ; 1 ; 1 ; 0 ; 0 ; 1 ; 1 ; 1
0 ; 1 ; 0 ; 1 ; 0 ; 1 ; 0 ; 0 ; 0 ; 0 ; 1 ; 0
0 ; 1 ; 0 ; 1 ; 1 ; 0 ; 1 ; 0 ; 1 ; 0 ; 0 ; 1
0 ; 1 ; 0 ; 0 ; 0 ; 1 ; 1 ; 1 ; 0 ; 0 ; 0 ; 0
1 ; 0 ; 1 ; 1 ; 1 ; 1 ; 0 ; 1 ; 1 ; 0 ; 1 ; 1
0 ; 0 ; 1 ; 1 ; 0 ; 1 ; 0 ; 0 ; 0 ; 0 ; 1 ; 1
0 ; 0 ; 1 ; 1 ; 1 ; 1 ; 0 ; 0 ; 0 ; 1 ; 0 ; 0
0 ; 0 ; 1 ; 1 ; 1 ; 1 ; 0 ; 1 ; 0 ; 0 ; 0 ; 0
1 ; 1 ; 1 ; 1 ; 0 ; 0 ; 0 ; 0 ; 0 ; 1 ; 0 ; 0
1 ; 1 ; 1 ; 1 ; 1 ; 1 ; 1 ; 1 ; 0 ; 1 ; 0 ; 0
0 ; 0 ; 1 ; 0 ; 1 ; 0 ; 1 ; 0 ; 0 ; 0 ; 0 ; 1
0 ; 1 ; 1 ; 0 ; 1 ; 1 ; 1 ; 1 ; 1 ; 1 ; 1 ; 0
1 ; 1 ; 0 ; 0 ; 1 ; 0 ; 0 ; 1 ; 1 ; 1 ; 1 ; 0
0 ; 1 ; 1 ; 0 ; 1 ; 1 ; 1 ; 1 ; 0 ; 0 ; 1 ; 0
0 ; 0 ; 1 ; 0 ; 0 ; 0 ; 0 ; 1 ; 1 ; 0 ; 0 ; 1
0 ; 0 ; 0 ; 0 ; 1 ; 1 ; 1 ; 1 ; 1 ; 1 ; 0 ; 1
1 ; 1 ; 1 ; 1 ; 0 ; 0 ; 1 ; 0 ; 1 ; 1 ; 1 ; 1
1 ; 1 ; 1 ; 1 ; 1 ; 0 ; 1 ; 0 ; 0 ; 1 ; 0 ; 0
1 ; 0 ; 0 ; 1 ; 0 ; 1 ; 0 ; 1 ; 1 ; 0 ; 0 ; 1
1 ; 1 ; 1 ; 1 ; 1 ; 1 ; 0 ; 1 ; 0 ; 1 ; 1 ; 1
1 ; 0 ; 1 ; 0 ; 1 ; 0 ; 0 ; 1 ; 0 ; 1 ; 0 ; 1
0 ; 0 ; 0 ; 0 ; 1 ; 0 ; 1 ; 1 ; 0 ; 0 ; 0 ; 1
1 ; 1 ; 1 ; 1 ; 0 ; 0 ; 1 ; 1 ; 1 ; 0 ; 0 ; 1
1 ; 0 ; 0 ; 1 ; 0 ; 1 ; 1 ; 0 ; 0 ; 1 ; 1 ; 1
0 ; 1 ; 0 ; 1 ; 0 ; 0 ; 1 ; 0 ; 1 ; 0 ; 0 ; 1
1 ; 1 ; 1 ; 1 ; 1 ; 1 ; 1 ; 0 ; 0 ; 0 ; 1 ; 1
1 ; 1 ; 0 ; 1 ; 0 ; 1 ; 0 ; 1 ; 1 ; 0 ; 0 ; 1
0 ; 1 ; 1 ; 0 ; 0 ; 0 ; 0 ; 0 ; 1 ; 1 ; 0 ; 1
1 ; 0 ; 0 ; 0 ; 0 ; 0 ; 1 ; 0 ; 1 ; 1 ; 1 ; 0
0 ; 0 ; 1 ; 1 ; 1 ; 1 ; 1 ; 0 ; 0 ; 0 ; 1 ; 1
1 ; 1 ; 0 ; 1 ; 0 ; 1 ; 1 ; 0 ; 1 ; 0 ; 0 ; 1
0 ; 0 ; 0 ; 0 ; 0 ; 0 ; 0 ; 1 ; 1 ; 0 ; 0 ; 1
0 ; 0 ; 1 ; 0 ; 1 ; 0 ; 1 ; 0 ; 0 ; 0 ; 1 ; 0
1 ; 1 ; 0 ; 1 ; 1 ; 0 ; 1 ; 1 ; 1 ; 1 ; 1 ; 1
0 ; 0 ; 0 ; 1 ; 0 ; 0 ; 1 ; 1 ; 1 ; 0 ; 0 ; 0
0 ; 0 ; 1 ; 1 ; 0 ; 0 ; 0 ; 0 ; 1 ; 0 ; 1 ; 1
0 ; 1 ; 1 ; 0 ; 0 ; 1 ; 1 ; 0 ; 1 ; 1 ; 1 ; 0
0 ; 1 ; 0 ; 1 ; 0 ; 1 ; 1 ; 0 ; 1 ; 0 ; 1 ; 0
1 ; 0 ; 1 ; 0 ; 0 ; 1 ; 0 ; 0 ; 0 ; 0 ; 0 ; 1
1 ; 0 ; 1 ; 1 ; 0 ; 0 ; 0 ; 0 ; 0 ; 1 ; 1 ; 1
0 ; 1 ; 0 ; 0 ; 1 ; 0 ; 1 ; 1 ; 1 ; 0 ; 1 ; 0
0 ; 1 ; 1 ; 0 ; 1 ; 0 ; 0 ; 1 ; 0 ; 1 ; 0 ; 1
0 ; 1 ; 1 ; 1 ; 0 ; 0 ; 0 ; 0 ; 0 ; 0 ; 0 ; 0
1 ; 0 ; 1 ; 0 ; 1 ; 0 ; 0 ; 0 ; 0 ; 1 ; 0 ; 0
1 ; 0 ; 0 ; 1 ; 0 ; 1 ; 0 ; 0 ; 0 ; 0 ; 0 ; 0
0 ; 1 ; 0 ; 1 ; 0 ; 1 ; 0 ; 0 ; 0 ; 1 ; 0 ; 0
0 ; 0 ; 1 ; 0 ; 0 ; 0 ; 1 ; 1 ; 1 ; 0 ; 1 ; 1
0 ; 1 ; 0 ; 1 ; 0 ; 1 ; 0 ; 0 ; 1 ; 0 ; 1 ; 1
0 ; 0 ; 0 ; 0 ; 0 ; 1 ; 1 ; 0 ; 0 ; 1 ; 1 ; 1
0 ; 0 ; 1 ; 0 ; 1 ; 1 ; 0 ; 0 ; 1 ; 1 ; 1 ; 0
1 ; 0 ; 1 ; 0 ; 0 ; 0 ; 0 ; 0 ; 0 ; 1 ; 0 ; 0
1 ; 1 ; 0 ; 1 ; 1 ; 0 ; 1 ; 0 ; 1 ; 1 ; 0 ; 1
0 ; 1 ; 0 ; 0 ; 0 ; 1 ; 0 ; 0 ; 1 ; 0 ; 1 ; 1
1 ; 0 ; 1 ; 0 ; 1 ; 1 ; 1 ; 0 ; 0 ; 1 ; 1 ; 0
0 ; 1 ; 0 ; 0 ; 1 ; 1 ; 0 ; 1 ; 1 ; 0 ; 1 ; 1
1 ; 1 ; 1 ; 1 ; 1 ; 1 ; 0 ; 1 ; 0 ; 1 ; 1 ; 1
1 ; 1 ; 0 ; 1 ; 0 ; 0 ; 1 ; 1 ; 0 ; 1 ; 1 ; 1
1 ; 0 ; 1 ; 1 ; 0 ; 1 ; 1 ; 0 ; 0 ; 0 ; 1 ; 0
0 ; 1 ; 1 ; 1 ; 1 ; 0 ; 1 ; 1 ; 1 ; 1 ; 1 ; 0
0 ; 1 ; 0 ; 0 ; 0 ; 1 ; 1 ; 0 ; 0 ; 1 ; 1 ; 0
0 ; 0 ; 1 ; 1 ; 0 ; 0 ; 1 ; 0 ; 1 ; 1 ; 0 ; 1
1 ; 1 ; 1 ; 1 ; 1 ; 1 ; 0 ; 1 ; 1 ; 1 ; 1 ; 0
1 ; 0 ; 0 ; 0 ; 0 ; 1 ; 1 ; 0 ; 0 ; 1 ; 1 ; 1
1 ; 0 ; 1 ; 1 ; 1 ; 0 ; 0 ; 1 ; 1 ; 0 ; 0 ; 1
1 ; 1 ; 1 ; 1 ; 0 ; 0 ; 1 ; 1 ; 0 ; 1 ; 1 ; 0
1 ; 1 ; 1 ; 1 ; 0 ; 0 ; 1 ; 0 ; 0 ; 1 ; 0 ; 0
1 ; 1 ; 1 ; 0 ; 1 ; 1 ; 0 ; 1 ; 1 ; 0 ; 1 ; 0
1 ; 0 ; 1 ; 1 ; 1 ; 1 ; 0 ; 1 ; 0 ; 1 ; 0 ; 1
0 ; 1 ; 0 ; 0 ; 1 ; 0 ; 1 ; 0 ; 0 ; 1 ; 1 ; 1
1 ; 1 ; 0 ; 0 ; 0 ; 1 ; 0 ; 0 ; 0 ; 1 ; 1 ; 0
1 ; 1 ; 1 ; 0 ; 1 ; 0 ; 0 ; 0 ; 1 ; 0 ; 1 ; 0
1 ; 0 ; 0 ; 1 ; 0 ; 1 ; 1 ; 0 ; 0 ; 0 ; 1 ; 1
0 ; 1 ; 0 ; 0 ; 0 ; 0 ; 1 ; 0 ; 0 ; 0 ; 1 ; 1
1 ; 0 ; 0 ; 1 ; 0 ; 0 ; 1 ; 0 ; 0 ; 1 ; 1 ; 1
1 ; 1 ; 1 ; 0 ; 0 ; 1 ; 0 ; 0 ; 1 ; 1 ; 0 ; 0
0 ; 0 ; 0 ; 0 ; 1 ; 0 ; 0 ; 1 ; 1 ; 0 ; 1 ; 0
1 ; 1 ; 0 ; 0 ; 0 ; 0 ; 1 ; 1 ; 0 ; 0 ; 0 ; 1
1 ; 0 ; 0 ; 0 ; 1 ; 1 ; 1 ; 0 ; 0 ; 0 ; 0 ; 1
1 ; 0 ; 1 ; 1 ; 0 ; 0 ; 0 ; 0 ; 0 ; 1 ; 1 ; 0
0 ; 0 ; 1 ; 1 ; 1 ; 0 ; 1 ; 1 ; 0 ; 1 ; 1 ; 0
1 ; 0 ; 1 ; 0 ; 0 ; 1 ; 1 ; 0 ; 0 ; 0 ; 0 ; 0
0 ; 0 ; 0 ; 0 ; 1 ; 0 ; 0 ; 1 ; 0 ; 1 ; 1 ; 1
1 ; 0 ; 0 ; 1 ; 1 ; 0 ; 0 ; 1 ; 1 ; 0 ; 0 ; 0
0 ; 0 ; 1 ; 0 ; 0 ; 1 ; 0 ; 0 ; 0 ; 1 ; 1 ; 1
0 ; 0 ; 1 ; 0 ; 0 ; 0 ; 0 ; 0 ; 0 ; 0 ; 1 ; 1
0 ; 0 ; 1 ; 0 ; 1 ; 1 ; 0 ; 1 ; 0 ; 0 ; 0 ; 0
0 ; 1 ; 0 ; 1 ; 0 ; 1 ; 1 ; 1 ; 1 ; 0 ; 1 ; 1
1 ; 0 ; 1 ; 0 ; 0 ; 1 ; 1 ; 1 ; 0 ; 1 ; 1 ; 0
0 ; 1 ; 0 ; 0 ; 1 ; 0 ; 0 ; 0 ; 0 ; 1 ; 0 ; 1
1 ; 0 ; 0 ; 1 ; 1 ; 1 ; 0 ; 0 ; 0 ; 1 ; 1 ; 1
1 ; 0 ; 1 ; 0 ; 1 ; 0 ; 0 ; 0 ; 0 ; 1 ; 1 ; 1
1 ; 0 ; 0 ; 1 ; 1 ; 0 ; 1 ; 1 ; 0 ; 0 ; 1 ; 1
0 ; 1 ; 0 ; 1 ; 1 ; 0 ; 0 ; 1 ; 0 ; 1 ; 0 ; 1
0 ; 1 ; 1 ; 0 ; 1 ; 0 ; 0 ; 0 ; 0 ; 0 ; 1 ; 1
1 ; 1 ; 0 ; 1 ; 0 ; 0 ; 1 ; 0 ; 0 ; 1 ; 0 ; 0
0 ; 0 ; 0 ; 1 ; 0 ; 1 ; 0 ; 0 ; 1 ; 1 ; 1 ; 1
1 ; 1 ; 0 ; 1 ; 1 ; 0 ; 0 ; 1 ; 1 ; 1 ; 1 ; 0
1 ; 0 ; 0 ; 0 ; 0 ; 0 ; 0 ; 0 ; 0 ; 0 ; 1 ; 1
1 ; 0 ; 1 ; 0 ; 0 ; 0 ; 1 ; 1 ; 0 ; 0 ; 1 ; 0
1 ; 0 ; 0 ; 0 ; 1 ; 0 ; 0 ; 0 ; 0 ; 0 ; 1 ; 1
0 ; 0 ; 1 ; 0 ; 1 ; 1 ; 1 ; 1 ; 0 ; 0 ; 1 ; 1
0 ; 1 ; 0 ; 1 ; 0 ; 0 ; 0 ; 1 ; 0 ; 0 ; 0 ; 0
1 ; 1 ; 1 ; 0 ; 0 ; 1 ; 0 ; 0 ; 0 ; 1 ; 0 ; 0
0 ; 1 ; 0 ; 1 ; 0 ; 1 ; 0 ; 1 ; 0 ; 0 ; 1 ; 1
1 ; 0 ; 0 ; 1 ; 1 ; 0 ; 0 ; 1 ; 1 ; 1 ; 0 ; 1
0 ; 0 ; 1 ; 1 ; 1 ; 1 ; 1 ; 0 ; 1 ; 0 ; 1 ; 1
0 ; 1 ; 1 ; 1 ; 0 ; 1 ; 1 ; 1 ; 1 ; 0 ; 1 ; 0
1 ; 1 ; 1 ; 0 ; 0 ; 0 ; 1 ; 0 ; 0 ; 0 ; 1 ; 0
0 ; 0 ; 1 ; 1 ; 0 ; 0 ; 0 ; 1 ; 0 ; 1 ; 0 ; 0
1 ; 0 ; 0 ; 1 ; 1 ; 1 ; 1 ; 0 ; 1 ; 1 ; 0 ; 0
0 ; 1 ; 0 ; 1 ; 1 ; 1 ; 1 ; 1 ; 1 ; 1 ; 0 ; 1
1 ; 0 ; 1 ; 0 ; 0 ; 0 ; 1 ; 1 ; 1 ; 1 ; 1 ; 1
1 ; 0 ; 0 ; 1 ; 1 ; 1 ; 0 ; 0 ; 0 ; 0 ; 1 ; 1
0 ; 0 ; 0 ; 1 ; 1 ; 0 ; 0 ; 0 ; 0 ; 0 ; 0 ; 1
1 ; 1 ; 1 ; 1 ; 0 ; 1 ; 0 ; 0 ; 0 ; 0 ; 0 ; 1
0 ; 0 ; 0 ; 0 ; 1 ; 1 ; 1 ; 0 ; 1 ; 0 ; 1 ; 0
1 ; 1 ; 1 ; 0 ; 0 ; 1 ; 0 ; 0 ; 0 ; 0 ; 0 ; 1
0 ; 0 ; 1 ; 1 ; 0 ; 1 ; 0 ; 0 ; 1 ; 1 ; 1 ; 1
1 ; 1 ; 1 ; 1 ; 0 ; 1 ; 0 ; 0 ; 0 ; 1 ; 1 ; 0
0 ; 0 ; 0 ; 1 ; 0 ; 1 ; 0 ; 1 ; 0 ; 1 ; 0 ; 0
1 ; 0 ; 1 ; 1 ; 0 ; 1 ; 0 ; 1 ; 1 ; 0 ; 0 ; 0
1 ; 1 ; 1 ; 1 ; 1 ; 0 ; 1 ; 0 ; 1 ; 0 ; 1 ; 0
0 ; 0 ; 0 ; 1 ; 1 ; 1 ; 1 ; 0 ; 1 ; 1 ; 1 ; 0
1 ; 0 ; 1 ; 1 ; 0 ; 0 ; 1 ; 1 ; 0 ; 1 ; 1 ; 1
0 ; 0 ; 1 ; 0 ; 0 ; 1 ; 1 ; 0 ; 0 ; 1 ; 1 ; 0
0 ; 1 ; 0 ; 1 ; 1 ; 1 ; 0 ; 0 ; 1 ; 1 ; 1 ; 1
1 ; 0 ; 1 ; 0 ; 0 ; 1 ; 0 ; 1 ; 1 ; 1 ; 0 ; 1
0 ; 1 ; 0 ; 0 ; 0 ; 0 ; 0 ; 0 ; 1 ; 0 ; 1 ; 1
0 ; 0 ; 0 ; 0 ; 0 ; 0 ; 1 ; 0 ; 0 ; 0 ; 0 ; 0
0 ; 1 ; 0 ; 0 ; 1 ; 0 ; 1 ; 0 ; 0 ; 0 ; 1 ; 0
0 ; 0 ; 1 ; 0 ; 1 ; 0 ; 1 ; 0 ; 0 ; 0 ; 0 ; 0
1 ; 1 ; 0 ; 1 ; 0 ; 0 ; 1 ; 0 ; 0 ; 0 ; 1 ; 0
1 ; 0 ; 0 ; 0 ; 1 ; 0 ; 1 ; 1 ; 1 ; 1 ; 0 ; 1
1 ; 1 ; 0 ; 1 ; 0 ; 1 ; 1 ; 1 ; 0 ; 0 ; 1 ; 1
0 ; 0 ; 0 ; 0 ; 1 ; 1 ; 1 ; 1 ; 0 ; 1 ; 0 ; 1
0 ; 0 ; 0 ; 0 ; 1 ; 0 ; 0 ; 1 ; 1 ; 0 ; 0 ; 1
1 ; 1 ; 1 ; 0 ; 0 ; 0 ; 1 ; 0 ; 0 ; 1 ; 1 ; 0
0 ; 1 ; 0 ; 0 ; 1 ; 0 ; 0 ; 1 ; 0 ; 1 ; 1 ; 0
0 ; 0 ; 1 ; 0 ; 0 ; 0 ; 0 ; 1 ; 0 ; 1 ; 0 ; 0
0 ; 0 ; 1 ; 1 ; 0 ; 1 ; 1 ; 0 ; 0 ; 1 ; 0 ; 0
0 ; 1 ; 1 ; 1 ; 0 ; 1 ; 1 ; 1 ; 1 ; 0 ; 0 ; 0
1 ; 1 ; 1 ; 0 ; 1 ; 1 ; 0 ; 0 ; 1 ; 1 ; 0 ; 0
1 ; 0 ; 0 ; 0 ; 0 ; 1 ; 0 ; 0 ; 1 ; 0 ; 0 ; 1
1 ; 0 ; 1 ; 1 ; 0 ; 0 ; 1 ; 1 ; 1 ; 0 ; 1 ; 1
0 ; 0 ; 0 ; 0 ; 0 ; 0 ; 1 ; 1 ; 1 ; 1 ; 0 ; 1
1 ; 0 ; 1 ; 0 ; 1 ; 1 ; 1 ; 1 ; 1 ; 1 ; 0 ; 1
0 ; 1 ; 0 ; 0 ; 1 ; 1 ; 0 ; 1 ; 1 ; 1 ; 0 ; 1
0 ; 0 ; 0 ; 1 ; 1 ; 0 ; 0 ; 1 ; 0 ; 1 ; 1 ; 0
0 ; 0 ; 1 ; 0 ; 0 ; 0 ; 1 ; 1 ; 1 ; 0 ; 0 ; 1
0 ; 1 ; 1 ; 0 ; 0 ; 0 ; 1 ; 1 ; 0 ; 1 ; 1 ; 0
0 ; 1 ; 1 ; 0 ; 1 ; 0 ; 0 ; 1 ; 1 ; 0 ; 1 ; 0
1 ; 1 ; 0 ; 0 ; 0 ; 0 ; 1 ; 0 ; 0 ; 1 ; 1 ; 0
1 ; 1 ; 0 ; 1 ; 0 ; 0 ; 1 ; 1 ; 0 ; 1 ; 1 ; 0
0 ; 0 ; 1 ; 0 ; 0 ; 0 ; 1 ; 0 ; 1 ; 1 ; 0 ; 1
1 ; 1 ; 1 ; 1 ; 0 ; 1 ; 1 ; 1 ; 1 ; 0 ; 0 ; 0
1 ; 0 ; 1 ; 0 ; 0 ; 1 ; 0 ; 1 ; 0 ; 0 ; 1 ; 1
0 ; 0 ; 1 ; 0 ; 0 ; 0 ; 1 ; 0 ; 0 ; 1 ; 0 ; 1
1 ; 0 ; 1 ; 1 ; 1 ; 1 ; 0 ; 0 ; 0 ; 1 ; 1 ; 0
0 ; 0 ; 0 ; 0 ; 0 ; 1 ; 0 ; 0 ; 0 ; 1 ; 1 ; 0
1 ; 0 ; 0 ; 0 ; 0 ; 1 ; 0 ; 1 ; 0 ; 1 ; 0 ; 1
1 ; 0 ; 1 ; 0 ; 1 ; 0 ; 1 ; 1 ; 1 ; 0 ; 1 ; 1
1 ; 1 ; 0 ; 0 ; 0 ; 0 ; 1 ; 1 ; 1 ; 0 ; 1 ; 0
1 ; 1 ; 1 ; 0 ; 0 ; 0 ; 0 ; 0 ; 1 ; 0 ; 1 ; 0
1 ; 0 ; 1 ; 1 ; 1 ; 1 ; 1 ; 1 ; 1 ; 0 ; 0 ; 1
0 ; 0 ; 0 ; 0 ; 0 ; 1 ; 0 ; 1 ; 1 ; 1 ; 1 ; 0
0 ; 0 ; 1 ; 0 ; 1 ; 1 ; 0 ; 0 ; 0 ; 1 ; 1 ; 1
1 ; 1 ; 1 ; 1 ; 0 ; 1 ; 1 ; 0 ; 1 ; 1 ; 0 ; 1
1 ; 0 ; 0 ; 0 ; 0 ; 1 ; 0 ; 0 ; 1 ; 1 ; 0 ; 1
0 ; 0 ; 1 ; 0 ; 0 ; 1 ; 1 ; 0 ; 1 ; 1 ; 1 ; 0
0 ; 1 ; 0 ; 0 ; 0 ; 1 ; 0 ; 0 ; 1 ; 0 ; 1 ; 0
1 ; 1 ; 1 ; 0 ; 1 ; 1 ; 1 ; 0 ; 1 ; 1 ; 1 ; 0
1 ; 1 ; 0 ; 0 ; 0 ; 0 ; 1 ; 0 ; 1 ; 0 ; 1 ; 0
1 ; 1 ; 0 ; 0 ; 0 ; 0 ; 0 ; 1 ; 1 ; 1 ; 1 ; 1
0 ; 0 ; 0 ; 0 ; 1 ; 1 ; 1 ; 0 ; 0 ; 1 ; 1 ; 1
0 ; 1 ; 1 ; 1 ; 0 ; 0 ; 0 ; 0 ; 0 ; 0 ; 1 ; 0
0 ; 1 ; 1 ; 0 ; 0 ; 0 ; 1 ; 1 ; 1 ; 0 ; 1 ; 1
1 ; 0 ; 0 ; 0 ; 1 ; 1 ; 0 ; 0 ; 1 ; 0 ; 0 ; 1
1 ; 0 ; 0 ; 0 ; 0 ; 1 ; 0 ; 1 ; 0 ; 1 ; 0 ; 0
0 ; 0 ; 1 ; 0 ; 1 ; 0 ; 1 ; 1 ; 1 ; 0 ; 1 ; 1
0 ; 1 ; 1 ; 1 ; 0 ; 0 ; 0 ; 1 ; 0 ; 0 ; 1 ; 1
0 ; 1 ; 1 ; 1 ; 1 ; 1 ; 1 ; 1 ; 1 ; 0 ; 0 ; 0
0 ; 1 ; 1 ; 0 ; 0 ; 0 ; 0 ; 0 ; 0 ; 0 ; 0 ; 1
1 ; 0 ; 0 ; 0 ; 1 ; 1 ; 1 ; 1 ; 0 ; 1 ; 1 ; 0
1 ; 1 ; 1 ; 0 ; 0 ; 0 ; 1 ; 0 ; 0 ; 1 ; 0 ; 0
0 ; 0 ; 0 ; 1 ; 0 ; 0 ; 1 ; 0 ; 0 ; 1 ; 0 ; 1
0 ; 1 ; 0 ; 1 ; 0 ; 0 ; 1 ; 1 ; 0 ; 0 ; 0 ; 1
0 ; 0 ; 1 ; 0 ; 0 ; 1 ; 0 ; 1 ; 1 ; 1 ; 0 ; 1
0 ; 1 ; 0 ; 1 ; 1 ; 0 ; 1 ; 1 ; 1 ; 1 ; 1 ; 0
0 ; 0 ; 1 ; 0 ; 1 ; 1 ; 1 ; 1 ; 1 ; 0 ; 1 ; 1
1 ; 0 ; 1 ; 1 ; 1 ; 1 ; 0 ; 1 ; 0 ; 0 ; 1 ; 0
0 ; 1 ; 1 ; 0 ; 1 ; 1 ; 0 ; 0 ; 1 ; 1 ; 1 ; 0
1 ; 0 ; 0 ; 0 ; 0 ; 1 ; 0 ; 0 ; 0 ; 1 ; 1 ; 1
0 ; 0 ; 0 ; 0 ; 1 ; 1 ; 1 ; 1 ; 1 ; 1 ; 1 ; 1
1 ; 0 ; 0 ; 0 ; 0 ; 1 ; 1 ; 1 ; 0 ; 0 ; 0 ; 0
0 ; 0 ; 0 ; 1 ; 1 ; 1 ; 0 ; 1 ; 1 ; 0 ; 0 ; 1
0 ; 0 ; 1 ; 0 ; 1 ; 0 ; 0 ; 1 ; 0 ; 0 ; 0 ; 0
1 ; 0 ; 0 ; 1 ; 0 ; 1 ; 1 ; 1 ; 1 ; 0 ; 1 ; 0
0 ; 1 ; 0 ; 0 ; 0 ; 0 ; 0 ; 0 ; 0 ; 0 ; 1 ; 1
1 ; 0 ; 1 ; 1 ; 0 ; 1 ; 0 ; 0 ; 1 ; 0 ; 0 ; 0
0 ; 1 ; 1 ; 1 ; 1 ; 0 ; 1 ; 0 ; 1 ; 1 ; 0 ; 1
0 ; 1 ; 0 ; 0 ; 1 ; 1 ; 0 ; 0 ; 0 ; 0 ; 0 ; 0
1 ; 0 ; 0 ; 0 ; 0 ; 1 ; 0 ; 0 ; 0 ; 0 ; 0 ; 1
1 ; 1 ; 1 ; 0 ; 0 ; 0 ; 0 ; 1 ; 1 ; 1 ; 0 ; 1
0 ; 0 ; 1 ; 0 ; 1 ; 1 ; 0 ; 1 ; 1 ; 0 ; 1 ; 0
0 ; 0 ; 0 ; 0 ; 0 ; 1 ; 1 ; 0 ; 0 ; 1 ; 1 ; 1
1 ; 1 ; 1 ; 0 ; 0 ; 0 ; 0 ; 1 ; 1 ; 1 ; 0 ; 0
0 ; 0 ; 0 ; 0 ; 1 ; 0 ; 1 ; 1 ; 1 ; 0 ; 1 ; 0
1 ; 0 ; 0 ; 1 ; 1 ; 1 ; 0 ; 0 ; 1 ; 0 ; 1 ; 0
1 ; 0 ; 0 ; 1 ; 1 ; 0 ; 1 ; 1 ; 0 ; 1 ; 1 ; 1
1 ; 0 ; 1 ; 0 ; 1 ; 0 ; 0 ; 0 ; 1 ; 1 ; 1 ; 0
1 ; 0 ; 1 ; 0 ; 1 ; 0 ; 0 ; 0 ; 1 ; 0 ; 0 ; 1
0 ; 1 ; 0 ; 0 ; 1 ; 1 ; 0 ; 0 ; 0 ; 1 ; 0 ; 1
0 ; 1 ; 1 ; 0 ; 1 ; 0 ; 0 ; 1 ; 1 ; 0 ; 0 ; 1
0 ; 1 ; 0 ; 1 ; 1 ; 1 ; 0 ; 1 ; 0 ; 0 ; 1 ; 1
0 ; 0 ; 0 ; 0 ; 1 ; 0 ; 0 ; 1 ; 0 ; 0 ; 1 ; 1
1 ; 0 ; 1 ; 1 ; 0 ; 1 ; 1 ; 1 ; 1 ; 1 ; 0 ; 0
0 ; 0 ; 0 ; 0 ; 1 ; 0 ; 0 ; 0 ; 0 ; 0 ; 0 ; 1
1 ; 1 ; 1 ; 1 ; 0 ; 1 ; 1 ; 0 ; 0 ; 1 ; 0 ; 1
0 ; 1 ; 1 ; 1 ; 1 ; 1 ; 1 ; 1 ; 1 ; 0 ; 0 ; 1
1 ; 1 ; 1 ; 0 ; 0 ; 1 ; 1 ; 1 ; 0 ; 1 ; 1 ; 0
0 ; 0 ; 0 ; 0 ; 1 ; 1 ; 0 ; 0 ; 0 ; 0 ; 1 ; 0
0 ; 0 ; 1 ; 1 ; 0 ; 1 ; 0 ; 1 ; 1 ; 0 ; 1 ; 0
0 ; 1 ; 1 ; 0 ; 1 ; 1 ; 1 ; 0 ; 0 ; 1 ; 1 ; 0
1 ; 1 ; 0 ; 1 ; 1 ; 0 ; 1 ; 0 ; 0 ; 1 ; 1 ; 1
1 ; 0 ; 0 ; 0 ; 1 ; 0 ; 1 ; 1 ; 1 ; 1 ; 1 ; 0
1 ; 0 ; 1 ; 1 ; 1 ; 1 ; 0 ; 1 ; 1 ; 1 ; 1 ; 0
0 ; 1 ; 0 ; 1 ; 1 ; 0 ; 0 ; 0 ; 1 ; 0 ; 1 ; 0
1 ; 0 ; 1 ; 0 ; 1 ; 0 ; 0 ; 1 ; 1 ; 0 ; 1 ; 1
1 ; 0 ; 1 ; 1 ; 0 ; 0 ; 0 ; 1 ; 0 ; 1 ; 1 ; 1
1 ; 1 ; 0 ; 0 ; 1 ; 1 ; 0 ; 1 ; 0 ; 0 ; 1 ; 0
1 ; 0 ; 1 ; 0 ; 0 ; 1 ; 1 ; 0 ; 1 ; 0 ; 1 ; 1
1 ; 1 ; 1 ; 0 ; 1 ; 1 ; 1 ; 0 ; 0 ; 1 ; 0 ; 1
1 ; 0 ; 0 ; 0 ; 0 ; 1 ; 0 ; 1 ; 0 ; 1 ; 0 ; 0
0 ; 0 ; 1 ; 0 ; 1 ; 1 ; 0 ; 0 ; 1 ; 1 ; 0 ; 1
1 ; 1 ; 0 ; 1 ; 1 ; 1 ; 1 ; 0 ; 1 ; 0 ; 0 ; 1
1 ; 1 ; 0 ; 1 ; 0 ; 0 ; 0 ; 0 ; 0 ; 1 ; 0 ; 0
1 ; 1 ; 0 ; 0 ; 0 ; 0 ; 1 ; 0 ; 0 ; 0 ; 0 ; 0
0 ; 1 ; 1 ; 1 ; 1 ; 0 ; 1 ; 0 ; 0 ; 1 ; 0 ; 1
0 ; 0 ; 1 ; 1 ; 0 ; 0 ; 1 ; 1 ; 0 ; 0 ; 1 ; 1
0 ; 1 ; 0 ; 0 ; 1 ; 0 ; 0 ; 0 ; 1 ; 1 ; 1 ; 0
1 ; 1 ; 0 ; 0 ; 1 ; 0 ; 1 ; 1 ; 0 ; 0 ; 0 ; 1
0 ; 1 ; 0 ; 0 ; 0 ; 0 ; 0 ; 0 ; 1 ; 0 ; 1 ; 0
0 ; 0 ; 1 ; 1 ; 0 ; 1 ; 0 ; 0 ; 1 ; 1 ; 1 ; 0
0 ; 0 ; 1 ; 1 ; 0 ; 1 ; 1 ; 1 ; 1 ; 0 ; 1 ; 0
0 ; 0 ; 1 ; 0 ; 0 ; 1 ; 0 ; 0 ; 1 ; 1 ; 0 ; 1
1 ; 0 ; 0 ; 1 ; 1 ; 1 ; 1 ; 0 ; 1 ; 0 ; 1 ; 0
1 ; 0 ; 1 ; 0 ; 1 ; 1 ; 0 ; 0 ; 0 ; 0 ; 1 ; 0
0 ; 0 ; 1 ; 1 ; 1 ; 1 ; 1 ; 0 ; 1 ; 1 ; 0 ; 1
0 ; 1 ; 0 ; 0 ; 0 ; 1 ; 1 ; 1 ; 1 ; 0 ; 0 ; 1
0 ; 1 ; 0 ; 1 ; 0 ; 1 ; 0 ; 0 ; 1 ; 1 ; 0 ; 0
1 ; 0 ; 0 ; 0 ; 1 ; 1 ; 1 ; 1 ; 0 ; 0 ; 0 ; 1
0 ; 0 ; 0 ; 0 ; 0 ; 0 ; 1 ; 1 ; 1 ; 1 ; 1 ; 1
1 ; 1 ; 0 ; 0 ; 1 ; 1 ; 0 ; 0 ; 0 ; 0 ; 0 ; 1
1 ; 0 ; 0 ; 1 ; 0 ; 0 ; 1 ; 1 ; 1 ; 1 ; 1 ; 1
1 ; 0 ; 1 ; 1 ; 1 ; 1 ; 0 ; 0 ; 0 ; 0 ; 0 ; 1
0 ; 1 ; 1 ; 0 ; 1 ; 0 ; 1 ; 1 ; 1 ; 1 ; 0 ; 0
0 ; 0 ; 1 ; 0 ; 1 ; 1 ; 1 ; 0 ; 0 ; 1 ; 0 ; 1
1 ; 1 ; 0 ; 0 ; 0 ; 0 ; 0 ; 0 ; 1 ; 0 ; 1 ; 1
0 ; 1 ; 1 ; 1 ; 1 ; 0 ; 1 ; 0 ; 0 ; 0 ; 1 ; 1
0 ; 0 ; 0 ; 0 ; 1 ; 0 ; 0 ; 1 ; 1 ; 0 ; 0 ; 0
1 ; 0 ; 0 ; 0 ; 0 ; 1 ; 0 ; 0 ; 1 ; 1 ; 0 ; 1
1 ; 0 ; 1 ; 1 ; 1 ; 1 ; 1 ; 1 ; 0 ; 0 ; 0 ; 1
1 ; 1 ; 0 ; 0 ; 1 ; 1 ; 1 ; 0 ; 0 ; 1 ; 0 ; 1
1 ; 0 ; 0 ; 1 ; 0 ; 0 ; 1 ; 0 ; 0 ; 1 ; 1 ; 1
0 ; 1 ; 1 ; 0 ; 0 ; 0 ; 0 ; 1 ; 0 ; 0 ; 0 ; 0
0 ; 0 ; 1 ; 0 ; 0 ; 1 ; 0 ; 1 ; 0 ; 1 ; 0 ; 1
0 ; 0 ; 0 ; 0 ; 1 ; 1 ; 0 ; 1 ; 1 ; 0 ; 1 ; 0
1 ; 0 ; 1 ; 0 ; 0 ; 1 ; 1 ; 0 ; 0 ; 0 ; 1 ; 1
0 ; 0 ; 0 ; 1 ; 0 ; 0 ; 1 ; 0 ; 1 ; 1 ; 0 ; 0
0 ; 0 ; 0 ; 1 ; 1 ; 0 ; 1 ; 1 ; 0 ; 1 ; 1 ; 1
0 ; 0 ; 1 ; 0 ; 1 ; 1 ; 0 ; 0 ; 1 ; 0 ; 1 ; 1
0 ; 1 ; 1 ; 0 ; 0 ; 0 ; 0 ; 1 ; 0 ; 0 ; 1 ; 1
0 ; 0 ; 1 ; 1 ; 1 ; 0 ; 1 ; 1 ; 1 ; 0 ; 0 ; 0
1 ; 0 ; 1 ; 1 ; 1 ; 1 ; 0 ; 0 ; 0 ; 1 ; 0 ; 1
1 ; 0 ; 0 ; 0 ; 0 ; 1 ; 1 ; 0 ; 1 ; 0 ; 0 ; 1
1 ; 0 ; 0 ; 0 ; 0 ; 1 ; 1 ; 1 ; 1 ; 1 ; 0 ; 0
1 ; 1 ; 0 ; 1 ; 1 ; 1 ; 1 ; 0 ; 0 ; 1 ; 1 ; 1
1 ; 0 ; 1 ; 0 ; 0 ; 1 ; 0 ; 0 ; 1 ; 0 ; 0 ; 0
0 ; 0 ; 0 ; 0 ; 1 ; 0 ; 0 ; 1 ; 1 ; 1 ; 1 ; 0
0 ; 1 ; 0 ; 0 ; 0 ; 0 ; 0 ; 0 ; 0 ; 0 ; 0 ; 0
0 ; 1 ; 0 ; 1 ; 0 ; 0 ; 0 ; 1 ; 0 ; 1 ; 1 ; 1
0 ; 1 ; 0 ; 0 ; 1 ; 1 ; 1 ; 0 ; 1 ; 0 ; 1 ; 0
0 ; 1 ; 0 ; 1 ; 1 ; 0 ; 1 ; 0 ; 1 ; 1 ; 0 ; 1
1 ; 1 ; 1 ; 0 ; 1 ; 0 ; 1 ; 1 ; 1 ; 0 ; 0 ; 1
0 ; 1 ; 0 ; 0 ; 0 ; 0 ; 0 ; 1 ; 1 ; 1 ; 1 ; 1
1 ; 0 ; 1 ; 1 ; 1 ; 0 ; 1 ; 1 ; 1 ; 1 ; 0 ; 0
0 ; 0 ; 1 ; 1 ; 1 ; 1 ; 0 ; 1 ; 0 ; 1 ; 1 ; 1
1 ; 1 ; 1 ; 1 ; 1 ; 0 ; 1 ; 1 ; 1 ; 0 ; 0 ; 1
0 ; 1 ; 0 ; 0 ; 1 ; 0 ; 1 ; 0 ; 1 ; 1 ; 0 ; 0
1 ; 0 ; 1 ; 0 ; 0 ; 0 ; 0 ; 0 ; 0 ; 1 ; 0 ; 0
1 ; 0 ; 1 ; 0 ; 1 ; 0 ; 0 ; 0 ; 1 ; 0 ; 1 ; 1
0 ; 0 ; 1 ; 1 ; 1 ; 0 ; 1 ; 0 ; 1 ; 0 ; 0 ; 0
1 ; 0 ; 1 ; 1 ; 1 ; 1 ; 1 ; 1 ; 1 ; 1 ; 1 ; 1
1 ; 1 ; 1 ; 0 ; 0 ; 0 ; 0 ; 0 ; 1 ; 0 ; 0 ; 1
0 ; 1 ; 1 ; 1 ; 0 ; 1 ; 0 ; 1 ; 0 ; 1 ; 1 ; 0
0 ; 0 ; 1 ; 1 ; 0 ; 0 ; 1 ; 1 ; 1 ; 0 ; 1 ; 1
0 ; 1 ; 0 ; 0 ; 0 ; 0 ; 0 ; 0 ; 0 ; 1 ; 1 ; 0
0 ; 1 ; 0 ; 1 ; 1 ; 0 ; 0 ; 1 ; 0 ; 0 ; 1 ; 0
0 ; 1 ; 1 ; 1 ; 1 ; 1 ; 1 ; 0 ; 0 ; 0 ; 0 ; 1
1 ; 1 ; 1 ; 0 ; 1 ; 0 ; 0 ; 0 ; 1 ; 0 ; 0 ; 0
0 ; 0 ; 1 ; 1 ; 0 ; 0 ; 0 ; 0 ; 1 ; 0 ; 1 ; 1
1 ; 0 ; 0 ; 1 ; 0 ; 1 ; 0 ; 0 ; 1 ; 0 ; 0 ; 0
0 ; 0 ; 0 ; 0 ; 0 ; 1 ; 1 ; 0 ; 1 ; 0 ; 1 ; 0
1 ; 0 ; 1 ; 1 ; 1 ; 0 ; 0 ; 0 ; 1 ; 1 ; 1 ; 0
1 ; 0 ; 1 ; 0 ; 1 ; 0 ; 0 ; 1 ; 0 ; 1 ; 0 ; 1
0 ; 0 ; 1 ; 0 ; 1 ; 1 ; 1 ; 0 ; 0 ; 1 ; 1 ; 0
0 ; 0 ; 0 ; 0 ; 0 ; 0 ; 1 ; 1 ; 1 ; 0 ; 1 ; 0
0 ; 0 ; 1 ; 1 ; 1 ; 0 ; 0 ; 0 ; 0 ; 1 ; 1 ; 1
0 ; 0 ; 1 ; 0 ; 1 ; 0 ; 1 ; 0 ; 0 ; 0 ; 1 ; 1
0 ; 0 ; 0 ; 1 ; 0 ; 0 ; 0 ; 1 ; 0 ; 0 ; 1 ; 0
0 ; 1 ; 1 ; 0 ; 0 ; 0 ; 0 ; 0 ; 1 ; 1 ; 0 ; 0
0 ; 1 ; 0 ; 1 ; 1 ; 1 ; 0 ; 1 ; 0 ; 1 ; 1 ; 0
0 ; 0 ; 0 ; 1 ; 1 ; 1 ; 1 ; 0 ; 1 ; 0 ; 0 ; 0
1 ; 1 ; 1 ; 0 ; 1 ; 0 ; 1 ; 0 ; 0 ; 0 ; 1 ; 0
0 ; 0 ; 0 ; 1 ; 1 ; 0 ; 0 ; 1 ; 0 ; 1 ; 0 ; 1
1 ; 1 ; 0 ; 1 ; 1 ; 0 ; 0 ; 0 ; 1 ; 1 ; 0 ; 0
0 ; 0 ; 1 ; 1 ; 0 ; 0 ; 0 ; 1 ; 1 ; 1 ; 1 ; 0
0 ; 1 ; 0 ; 1 ; 0 ; 1 ; 1 ; 1 ; 1 ; 0 ; 1 ; 1
0 ; 0 ; 0 ; 1 ; 0 ; 1 ; 0 ; 1 ; 0 ; 0 ; 1 ; 1
1 ; 1 ; 0 ; 1 ; 1 ; 1 ; 0 ; 1 ; 0 ; 1 ; 0 ; 1
1 ; 0 ; 1 ; 1 ; 1 ; 0 ; 1 ; 0 ; 1 ; 1 ; 1 ; 1
0 ; 0 ; 1 ; 1 ; 1 ; 0 ; 0 ; 1 ; 0 ; 1 ; 1 ; 0
1 ; 0 ; 0 ; 0 ; 1 ; 1 ; 0 ; 1 ; 0 ; 1 ; 0 ; 1
0 ; 1 ; 1 ; 1 ; 0 ; 1 ; 0 ; 1 ; 0 ; 1 ; 0 ; 0
0 ; 0 ; 1 ; 0 ; 1 ; 0 ; 1 ; 0 ; 0 ; 1 ; 1 ; 0
1 ; 1 ; 1 ; 0 ; 1 ; 0 ; 1 ; 0 ; 0 ; 1 ; 1 ; 0
1 ; 0 ; 1 ; 0 ; 1 ; 1 ; 0 ; 0 ; 1 ; 1 ; 1 ; 0
0 ; 1 ; 0 ; 0 ; 0 ; 0 ; 1 ; 1 ; 0 ; 1 ; 1 ; 0
0 ; 1 ; 0 ; 1 ; 0 ; 0 ; 1 ; 1 ; 1 ; 1 ; 1 ; 1
1 ; 1 ; 0 ; 1 ; 1 ; 0 ; 0 ; 1 ; 0 ; 1 ; 1 ; 0
1 ; 1 ; 1 ; 1 ; 1 ; 0 ; 1 ; 0 ; 0 ; 0 ; 0 ; 0
0 ; 0 ; 1 ; 0 ; 0 ; 0 ; 1 ; 0 ; 1 ; 0 ; 0 ; 0
1 ; 1 ; 1 ; 0 ; 0 ; 0 ; 1 ; 0 ; 1 ; 1 ; 0 ; 1
0 ; 1 ; 0 ; 1 ; 0 ; 0 ; 1 ; 1 ; 0 ; 0 ; 0 ; 1
0 ; 1 ; 0 ; 0 ; 1 ; 0 ; 1 ; 0 ; 0 ; 0 ; 0 ; 1
1 ; 1 ; 1 ; 0 ; 0 ; 0 ; 1 ; 0 ; 1 ; 1 ; 1 ; 1
1 ; 0 ; 1 ; 0 ; 1 ; 1 ; 0 ; 1 ; 1 ; 0 ; 0 ; 0
1 ; 1 ; 1 ; 0 ; 1 ; 1 ; 1 ; 0 ; 1 ; 0 ; 0 ; 0
1 ; 0 ; 1 ; 0 ; 0 ; 0 ; 1 ; 0 ; 0 ; 0 ; 0 ; 1
0 ; 0 ; 1 ; 1 ; 0 ; 1 ; 1 ; 0 ; 1 ; 0 ; 1 ; 0
1 ; 1 ; 1 ; 1 ; 0 ; 1 ; 1 ; 1 ; 0 ; 0 ; 1 ; 0
0 ; 0 ; 0 ; 1 ; 1 ; 0 ; 1 ; 0 ; 1 ; 0 ; 0 ; 0
0 ; 0 ; 0 ; 0 ; 1 ; 0 ; 1 ; 1 ; 1 ; 1 ; 0 ; 0
1 ; 0 ; 0 ; 1 ; 1 ; 1 ; 1 ; 1 ; 0 ; 1 ; 1 ; 1
1 ; 0 ; 1 ; 0 ; 1 ; 0 ; 0 ; 0 ; 0 ; 0 ; 0 ; 1
0 ; 0 ; 0 ; 1 ; 1 ; 0 ; 0 ; 1 ; 0 ; 0 ; 1 ; 0
0 ; 0 ; 1 ; 1 ; 0 ; 1 ; 0 ; 1 ; 1 ; 1 ; 0 ; 0
0 ; 1 ; 0 ; 0 ; 0 ; 1 ; 0 ; 0 ; 1 ; 1 ; 0 ; 1
1 ; 1 ; 0 ; 0 ; 0 ; 1 ; 0 ; 0 ; 1 ; 1 ; 0 ; 1
0 ; 0 ; 0 ; 1 ; 0 ; 0 ; 1 ; 1 ; 0 ; 0 ; 1 ; 1
1 ; 0 ; 0 ; 1 ; 0 ; 0 ; 1 ; 1 ; 1 ; 1 ; 0 ; 1
0 ; 0 ; 1 ; 1 ; 0 ; 0 ; 0 ; 1 ; 0 ; 0 ; 0 ; 0
0 ; 0 ; 1 ; 0 ; 1 ; 0 ; 0 ; 0 ; 0 ; 1 ; 0 ; 1
0 ; 0 ; 0 ; 1 ; 0 ; 1 ; 0 ; 1 ; 0 ; 1 ; 0 ; 1
0 ; 1 ; 1 ; 1 ; 1 ; 0 ; 0 ; 1 ; 0 ; 1 ; 0 ; 0
0 ; 0 ; 1 ; 0 ; 1 ; 0 ; 1 ; 0 ; 1 ; 0 ; 1 ; 0
1 ; 1 ; 1 ; 1 ; 1 ; 0 ; 0 ; 1 ; 0 ; 0 ; 1 ; 0
1 ; 0 ; 0 ; 0 ; 1 ; 1 ; 1 ; 0 ; 0 ; 0 ; 0 ; 1
0 ; 0 ; 0 ; 0 ; 1 ; 1 ; 1 ; 1 ; 0 ; 1 ; 0 ; 1
0 ; 0 ; 1 ; 1 ; 1 ; 0 ; 1 ; 1 ; 1 ; 1 ; 1 ; 0
1 ; 0 ; 0 ; 0 ; 1 ; 0 ; 1 ; 1 ; 1 ; 1 ; 1 ; 1
1 ; 1 ; 1 ; 1 ; 0 ; 0 ; 0 ; 0 ; 1 ; 0 ; 1 ; 1
1 ; 0 ; 1 ; 1 ; 0 ; 0 ; 0 ; 0 ; 0 ; 0 ; 0 ; 0
1 ; 1 ; 0 ; 0 ; 0 ; 0 ; 1 ; 1 ; 1 ; 0 ; 0 ; 0
0 ; 0 ; 0 ; 1 ; 0 ; 0 ; 1 ; 1 ; 0 ; 0 ; 1 ; 0
1 ; 1 ; 0 ; 1 ; 1 ; 1 ; 1 ; 0 ; 1 ; 0 ; 1 ; 1
0 ; 0 ; 1 ; 0 ; 0 ; 0 ; 0 ; 0 ; 1 ; 0 ; 0 ; 0
1 ; 0 ; 1 ; 0 ; 1 ; 0 ; 0 ; 1 ; 1 ; 1 ; 0 ; 0
0 ; 0 ; 1 ; 0 ; 0 ; 0 ; 0 ; 0 ; 0 ; 1 ; 0 ; 1
0 ; 1 ; 1 ; 1 ; 0 ; 1 ; 1 ; 0 ; 0 ; 0 ; 1 ; 0
0 ; 0 ; 1 ; 0 ; 0 ; 1 ; 0 ; 0 ; 0 ; 0 ; 0 ; 0
0 ; 1 ; 0 ; 1 ; 0 ; 0 ; 1 ; 1 ; 1 ; 1 ; 0 ; 0
0 ; 0 ; 0 ; 0 ; 1 ; 0 ; 0 ; 0 ; 1 ; 1 ; 0 ; 1
0 ; 1 ; 1 ; 1 ; 0 ; 0 ; 1 ; 1 ; 0 ; 0 ; 1 ; 1
1 ; 1 ; 1 ; 0 ; 1 ; 0 ; 1 ; 1 ; 0 ; 1 ; 0 ; 1
0 ; 0 ; 1 ; 0 ; 0 ; 0 ; 1 ; 0 ; 1 ; 0 ; 1 ; 0
1 ; 1 ; 1 ; 0 ; 0 ; 1 ; 1 ; 0 ; 0 ; 1 ; 0 ; 0
1 ; 1 ; 0 ; 1 ; 1 ; 0 ; 0 ; 0 ; 1 ; 0 ; 0 ; 1
1 ; 0 ; 0 ; 0 ; 0 ; 1 ; 1 ; 1 ; 0 ; 0 ; 1 ; 0
0 ; 1 ; 1 ; 1 ; 1 ; 0 ; 0 ; 1 ; 1 ; 1 ; 0 ; 0
0 ; 0 ; 0 ; 0 ; 1 ; 0 ; 1 ; 1 ; 1 ; 0 ; 1 ; 1
0 ; 1 ; 0 ; 1 ; 0 ; 1 ; 1 ; 0 ; 1 ; 1 ; 1 ; 1
1 ; 0 ; 1 ; 0 ; 0 ; 1 ; 0 ; 1 ; 1 ; 0 ; 1 ; 0
0 ; 0 ; 0 ; 1 ; 0 ; 0 ; 1 ; 0 ; 0 ; 1 ; 0 ; 0
0 ; 1 ; 1 ; 1 ; 1 ; 0 ; 0 ; 0 ; 0 ; 0 ; 1 ; 0
0 ; 0 ; 0 ; 1 ; 0 ; 0 ; 1 ; 1 ; 0 ; 1 ; 0 ; 0
1 ; 1 ; 0 ; 0 ; 1 ; 1 ; 1 ; 0 ; 1 ; 0 ; 0 ; 0
0 ; 0 ; 0 ; 1 ; 0 ; 0 ; 1 ; 1 ; 0 ; 1 ; 1 ; 0
0 ; 0 ; 1 ; 1 ; 0 ; 0 ; 0 ; 1 ; 0 ; 0 ; 1 ; 0
0 ; 1 ; 1 ; 0 ; 0 ; 1 ; 1 ; 0 ; 1 ; 0 ; 1 ; 0
0 ; 0 ; 0 ; 0 ; 0 ; 0 ; 0 ; 0 ; 0 ; 1 ; 1 ; 1
1 ; 0 ; 1 ; 1 ; 1 ; 1 ; 0 ; 0 ; 0 ; 1 ; 1 ; 1
1 ; 1 ; 1 ; 0 ; 1 ; 1 ; 0 ; 0 ; 1 ; 1 ; 1 ; 1
0 ; 1 ; 0 ; 0 ; 0 ; 0 ; 0 ; 0 ; 0 ; 0 ; 0 ; 0
1 ; 1 ; 1 ; 0 ; 0 ; 0 ; 1 ; 1 ; 1 ; 0 ; 1 ; 1
1 ; 0 ; 0 ; 1 ; 0 ; 1 ; 0 ; 1 ; 0 ; 1 ; 1 ; 0
1 ; 1 ; 0 ; 1 ; 0 ; 1 ; 1 ; 0 ; 1 ; 1 ; 0 ; 1
0 ; 0 ; 0 ; 0 ; 0 ; 0 ; 1 ; 0 ; 0 ; 1 ; 0 ; 1
0 ; 1 ; 1 ; 1 ; 0 ; 0 ; 1 ; 1 ; 0 ; 0 ; 1 ; 0
0 ; 0 ; 1 ; 1 ; 0 ; 1 ; 0 ; 0 ; 0 ; 1 ; 1 ; 0
1 ; 1 ; 1 ; 1 ; 0 ; 1 ; 0 ; 0 ; 0 ; 0 ; 0 ; 1
1 ; 1 ; 0 ; 0 ; 1 ; 0 ; 0 ; 1 ; 1 ; 1 ; 0 ; 0
1 ; 1 ; 1 ; 0 ; 1 ; 0 ; 0 ; 1 ; 0 ; 1 ; 1 ; 1
0 ; 0 ; 1 ; 1 ; 1 ; 0 ; 1 ; 0 ; 1 ; 1 ; 0 ; 1
1 ; 1 ; 1 ; 1 ; 0 ; 1 ; 1 ; 0 ; 0 ; 0 ; 0 ; 0
0 ; 1 ; 0 ; 0 ; 0 ; 1 ; 1 ; 0 ; 1 ; 1 ; 0 ; 0
1 ; 1 ; 0 ; 1 ; 0 ; 0 ; 1 ; 0 ; 1 ; 0 ; 1 ; 1
1 ; 0 ; 0 ; 0 ; 1 ; 1 ; 1 ; 1 ; 1 ; 1 ; 1 ; 1
0 ; 1 ; 1 ; 0 ; 1 ; 1 ; 1 ; 0 ; 0 ; 1 ; 0 ; 0
0 ; 1 ; 1 ; 1 ; 1 ; 1 ; 1 ; 1 ; 1 ; 1 ; 0 ; 1
1 ; 1 ; 0 ; 0 ; 0 ; 1 ; 1 ; 0 ; 1 ; 1 ; 0 ; 0
1 ; 1 ; 0 ; 0 ; 1 ; 1 ; 1 ; 1 ; 1 ; 1 ; 1 ; 1
1 ; 1 ; 0 ; 1 ; 0 ; 0 ; 1 ; 1 ; 1 ; 1 ; 0 ; 0
0 ; 1 ; 0 ; 0 ; 0 ; 1 ; 1 ; 0 ; 1 ; 1 ; 0 ; 1
1 ; 0 ; 0 ; 1 ; 1 ; 0 ; 1 ; 0 ; 1 ; 0 ; 0 ; 0
1 ; 0 ; 0 ; 0 ; 1 ; 1 ; 0 ; 0 ; 1 ; 0 ; 0 ; 1
0 ; 1 ; 0 ; 1 ; 1 ; 1 ; 1 ; 0 ; 1 ; 0 ; 1 ; 1
1 ; 0 ; 0 ; 1 ; 1 ; 0 ; 1 ; 0 ; 1 ; 1 ; 0 ; 1
1 ; 0 ; 0 ; 1 ; 1 ; 1 ; 0 ; 1 ; 0 ; 0 ; 1 ; 1
1 ; 1 ; 0 ; 1 ; 1 ; 1 ; 1 ; 0 ; 0 ; 1 ; 1 ; 1
1 ; 0 ; 1 ; 0 ; 0 ; 1 ; 1 ; 0 ; 0 ; 1 ; 1 ; 1
1 ; 1 ; 1 ; 0 ; 1 ; 0 ; 1 ; 1 ; 0 ; 0 ; 1 ; 0
0 ; 0 ; 0 ; 0 ; 1 ; 1 ; 0 ; 0 ; 1 ; 0 ; 0 ; 1
1 ; 0 ; 1 ; 1 ; 0 ; 0 ; 1 ; 1 ; 0 ; 1 ; 1 ; 1
1 ; 0 ; 0 ; 0 ; 1 ; 0 ; 0 ; 0 ; 1 ; 0 ; 0 ; 0
1 ; 0 ; 1 ; 1 ; 1 ; 1 ; 0 ; 0 ; 0 ; 0 ; 1 ; 0
0 ; 1 ; 0 ; 0 ; 0 ; 0 ; 0 ; 1 ; 1 ; 0 ; 0 ; 0
0 ; 0 ; 1 ; 0 ; 1 ; 1 ; 1 ; 1 ; 0 ; 0 ; 0 ; 1
0 ; 1 ; 0 ; 1 ; 0 ; 1 ; 1 ; 0 ; 0 ; 0 ; 0 ; 0
1 ; 1 ; 0 ; 1 ; 0 ; 0 ; 0 ; 0 ; 0 ; 0 ; 1 ; 1
1 ; 1 ; 0 ; 1 ; 0 ; 0 ; 1 ; 1 ; 1 ; 1 ; 1 ; 0
0 ; 1 ; 0 ; 1 ; 0 ; 0 ; 1 ; 1 ; 0 ; 0 ; 0 ; 1
1 ; 1 ; 1 ; 0 ; 0 ; 1 ; 0 ; 0 ; 1 ; 0 ; 0 ; 1
1 ; 1 ; 1 ; 1 ; 0 ; 1 ; 0 ; 0 ; 0 ; 1 ; 1 ; 1
0 ; 1 ; 1 ; 1 ; 0 ; 1 ; 0 ; 1 ; 0 ; 1 ; 1 ; 1
1 ; 1 ; 0 ; 1 ; 0 ; 0 ; 1 ; 0 ; 0 ; 0 ; 0 ; 1
0 ; 0 ; 1 ; 1 ; 0 ; 0 ; 0 ; 0 ; 1 ; 1 ; 1 ; 0
1 ; 0 ; 0 ; 1 ; 0 ; 0 ; 0 ; 1 ; 1 ; 0 ; 1 ; 1
1 ; 1 ; 0 ; 1 ; 1 ; 0 ; 1 ; 0 ; 1 ; 1 ; 0 ; 0
0 ; 0 ; 1 ; 1 ; 1 ; 1 ; 1 ; 0 ; 1 ; 0 ; 1 ; 0
0 ; 0 ; 0 ; 1 ; 1 ; 1 ; 0 ; 0 ; 1 ; 0 ; 0 ; 0
0 ; 0 ; 1 ; 0 ; 1 ; 0 ; 0 ; 1 ; 0 ; 1 ; 1 ; 1
0 ; 1 ; 0 ; 0 ; 1 ; 0 ; 0 ; 0 ; 1 ; 0 ; 1 ; 1
1 ; 1 ; 1 ; 1 ; 1 ; 0 ; 1 ; 1 ; 1 ; 1 ; 0 ; 1
0 ; 1 ; 1 ; 1 ; 0 ; 0 ; 0 ; 1 ; 1 ; 0 ; 1 ; 1
1 ; 1 ; 1 ; 0 ; 1 ; 1 ; 0 ; 0 ; 1 ; 1 ; 0 ; 1
1 ; 0 ; 0 ; 1 ; 0 ; 0 ; 1 ; 0 ; 1 ; 1 ; 0 ; 0
0 ; 0 ; 1 ; 1 ; 1 ; 1 ; 0 ; 0 ; 1 ; 1 ; 1 ; 1
0 ; 0 ; 1 ; 1 ; 0 ; 0 ; 1 ; 0 ; 1 ; 1 ; 0 ; 0
0 ; 1 ; 0 ; 0 ; 0 ; 0 ; 1 ; 0 ; 1 ; 0 ; 1 ; 1
0 ; 1 ; 0 ; 1 ; 1 ; 1 ; 1 ; 1 ; 1 ; 0 ; 0 ; 1
1 ; 0 ; 0 ; 0 ; 0 ; 0 ; 0 ; 0 ; 1 ; 1 ; 1 ; 0
0 ; 0 ; 1 ; 1 ; 0 ; 0 ; 1 ; 0 ; 0 ; 1 ; 0 ; 1
0 ; 1 ; 0 ; 1 ; 0 ; 0 ; 1 ; 1 ; 1 ; 1 ; 0 ; 0
0 ; 0 ; 0 ; 1 ; 0 ; 1 ; 0 ; 1 ; 1 ; 1 ; 1 ; 1
0 ; 1 ; 1 ; 0 ; 0 ; 1 ; 1 ; 1 ; 1 ; 1 ; 1 ; 1
1 ; 0 ; 1 ; 1 ; 0 ; 1 ; 0 ; 0 ; 1 ; 1 ; 0 ; 0
1 ; 1 ; 1 ; 1 ; 0 ; 0 ; 1 ; 0 ; 1 ; 0 ; 1 ; 0
1 ; 0 ; 0 ; 1 ; 0 ; 0 ; 1 ; 0 ; 0 ; 0 ; 1 ; 1
1 ; 1 ; 1 ; 1 ; 0 ; 1 ; 0 ; 1 ; 1 ; 0 ; 1 ; 0
1 ; 1 ; 1 ; 1 ; 0 ; 1 ; 1 ; 1 ; 1 ; 0 ; 1 ; 1
0 ; 1 ; 1 ; 1 ; 0 ; 0 ; 1 ; 0 ; 1 ; 0 ; 0 ; 1
0 ; 1 ; 1 ; 1 ; 0 ; 0 ; 1 ; 0 ; 1 ; 0 ; 0 ; 0
1 ; 1 ; 1 ; 1 ; 1 ; 0 ; 0 ; 1 ; 0 ; 1 ; 0 ; 1
1 ; 0 ; 0 ; 1 ; 1 ; 0 ; 1 ; 0 ; 1 ; 0 ; 1 ; 0
0 ; 0 ; 0 ; 0 ; 0 ; 0 ; 1 ; 1 ; 0 ; 1 ; 0 ; 0
0 ; 0 ; 0 ; 0 ; 0 ; 0 ; 1 ; 0 ; 0 ; 0 ; 0 ; 0
0 ; 1 ; 1 ; 1 ; 0 ; 1 ; 0 ; 1 ; 1 ; 0 ; 0 ; 0
0 ; 1 ; 0 ; 0 ; 1 ; 0 ; 0 ; 0 ; 0 ; 0 ; 0 ; 0
1 ; 1 ; 0 ; 0 ; 1 ; 0 ; 1 ; 1 ; 1 ; 0 ; 1 ; 1
0 ; 0 ; 0 ; 0 ; 1 ; 1 ; 0 ; 0 ; 1 ; 0 ; 0 ; 0
1 ; 0 ; 0 ; 0 ; 1 ; 1 ; 0 ; 1 ; 0 ; 1 ; 1 ; 0
0 ; 1 ; 0 ; 0 ; 0 ; 0 ; 0 ; 0 ; 0 ; 1 ; 0 ; 0
1 ; 0 ; 1 ; 0 ; 1 ; 1 ; 1 ; 1 ; 1 ; 1 ; 0 ; 0
0 ; 0 ; 1 ; 1 ; 1 ; 1 ; 0 ; 1 ; 0 ; 1 ; 0 ; 0
0 ; 0 ; 0 ; 1 ; 0 ; 1 ; 0 ; 1 ; 1 ; 0 ; 0 ; 1
1 ; 1 ; 1 ; 0 ; 0 ; 0 ; 0 ; 0 ; 1 ; 1 ; 0 ; 1
1 ; 1 ; 0 ; 0 ; 1 ; 1 ; 1 ; 1 ; 0 ; 1 ; 0 ; 0
0 ; 1 ; 0 ; 1 ; 1 ; 0 ; 1 ; 0 ; 0 ; 1 ; 1 ; 1
1 ; 1 ; 1 ; 0 ; 1 ; 1 ; 0 ; 1 ; 0 ; 0 ; 1 ; 1
0 ; 0 ; 1 ; 1 ; 0 ; 1 ; 0 ; 1 ; 0 ; 1 ; 0 ; 1
1 ; 0 ; 1 ; 0 ; 1 ; 0 ; 0 ; 0 ; 1 ; 1 ; 0 ; 1
1 ; 1 ; 0 ; 1 ; 1 ; 1 ; 1 ; 0 ; 1 ; 1 ; 0 ; 1
0 ; 1 ; 0 ; 0 ; 0 ; 0 ; 0 ; 1 ; 1 ; 1 ; 1 ; 1
0 ; 0 ; 0 ; 1 ; 0 ; 0 ; 0 ; 0 ; 0 ; 0 ; 1 ; 1
1 ; 1 ; 1 ; 1 ; 0 ; 1 ; 0 ; 1 ; 1 ; 0 ; 0 ; 1
1 ; 0 ; 0 ; 0 ; 0 ; 0 ; 1 ; 0 ; 1 ; 0 ; 0 ; 1
1 ; 0 ; 1 ; 1 ; 1 ; 1 ; 1 ; 0 ; 1 ; 1 ; 1 ; 1
1 ; 1 ; 1 ; 1 ; 1 ; 0 ; 1 ; 1 ; 1 ; 1 ; 1 ; 0
0 ; 0 ; 1 ; 0 ; 0 ; 0 ; 0 ; 1 ; 1 ; 0 ; 1 ; 0
0 ; 0 ; 0 ; 1 ; 0 ; 0 ; 0 ; 1 ; 0 ; 0 ; 0 ; 1
0 ; 0 ; 0 ; 0 ; 1 ; 1 ; 0 ; 1 ; 0 ; 0 ; 0 ; 1
0 ; 1 ; 1 ; 1 ; 0 ; 0 ; 1 ; 0 ; 0 ; 0 ; 1 ; 0
0 ; 1 ; 1 ; 0 ; 1 ; 0 ; 0 ; 1 ; 0 ; 0 ; 0 ; 0
0 ; 1 ; 0 ; 0 ; 1 ; 1 ; 1 ; 1 ; 0 ; 1 ; 0 ; 1
0 ; 1 ; 0 ; 1 ; 1 ; 1 ; 0 ; 0 ; 0 ; 0 ; 1 ; 1
0 ; 0 ; 1 ; 1 ; 0 ; 1 ; 0 ; 0 ; 0 ; 1 ; 0 ; 0
0 ; 1 ; 1 ; 0 ; 1 ; 1 ; 0 ; 1 ; 0 ; 0 ; 1 ; 1
1 ; 0 ; 1 ; 0 ; 1 ; 1 ; 0 ; 1 ; 1 ; 0 ; 0 ; 0
1 ; 0 ; 1 ; 1 ; 0 ; 1 ; 0 ; 0 ; 0 ; 0 ; 0 ; 0
1 ; 0 ; 0 ; 1 ; 0 ; 1 ; 1 ; 0 ; 1 ; 0 ; 0 ; 1
1 ; 0 ; 0 ; 0 ; 1 ; 1 ; 1 ; 1 ; 0 ; 1 ; 0 ; 1
0 ; 0 ; 1 ; 1 ; 1 ; 1 ; 1 ; 1 ; 0 ; 1 ; 1 ; 0
1 ; 0 ; 0 ; 1 ; 1 ; 1 ; 1 ; 0 ; 1 ; 1 ; 0 ; 1
0 ; 1 ; 1 ; 0 ; 0 ; 0 ; 0 ; 0 ; 0 ; 1 ; 1 ; 0
0 ; 1 ; 1 ; 1 ; 1 ; 1 ; 0 ; 1 ; 0 ; 0 ; 0 ; 1
1 ; 1 ; 1 ; 1 ; 1 ; 1 ; 0 ; 1 ; 0 ; 1 ; 0 ; 0
0 ; 0 ; 1 ; 0 ; 1 ; 0 ; 0 ; 0 ; 0 ; 1 ; 0 ; 1
0 ; 1 ; 0 ; 0 ; 1 ; 1 ; 0 ; 0 ; 1 ; 1 ; 1 ; 1
1 ; 1 ; 0 ; 0 ; 1 ; 1 ; 1 ; 0 ; 1 ; 1 ; 1 ; 1
1 ; 0 ; 1 ; 1 ; 0 ; 0 ; 0 ; 1 ; 0 ; 1 ; 1 ; 1
0 ; 1 ; 0 ; 0 ; 0 ; 0 ; 1 ; 0 ; 1 ; 0 ; 1 ; 0
0 ; 1 ; 0 ; 0 ; 0 ; 0 ; 0 ; 0 ; 1 ; 1 ; 1 ; 1
1 ; 0 ; 1 ; 1 ; 0 ; 1 ; 0 ; 0 ; 1 ; 1 ; 0 ; 0
0 ; 0 ; 0 ; 1 ; 0 ; 1 ; 0 ; 0 ; 1 ; 0 ; 0 ; 0
0 ; 1 ; 0 ; 0 ; 1 ; 0 ; 0 ; 1 ; 0 ; 1 ; 0 ; 0
0 ; 1 ; 1 ; 1 ; 1 ; 0 ; 1 ; 1 ; 1 ; 0 ; 0 ; 0
0 ; 0 ; 0 ; 1 ; 0 ; 0 ; 0 ; 0 ; 0 ; 1 ; 0 ; 0
1 ; 0 ; 0 ; 1 ; 1 ; 1 ; 1 ; 1 ; 1 ; 1 ; 0 ; 0
1 ; 0 ; 1 ; 0 ; 0 ; 1 ; 1 ; 0 ; 0 ; 0 ; 1 ; 0
1 ; 1 ; 1 ; 1 ; 1 ; 0 ; 1 ; 0 ; 1 ; 1 ; 1 ; 0
0 ; 0 ; 0 ; 0 ; 1 ; 1 ; 1 ; 0 ; 0 ; 0 ; 1 ; 0
1 ; 1 ; 1 ; 1 ; 1 ; 1 ; 1 ; 0 ; 1 ; 0 ; 1 ; 1
1 ; 1 ; 1 ; 0 ; 0 ; 1 ; 0 ; 1 ; 1 ; 1 ; 1 ; 1
1 ; 1 ; 0 ; 1 ; 1 ; 1 ; 1 ; 0 ; 0 ; 0 ; 1 ; 0
0 ; 1 ; 0 ; 1 ; 0 ; 0 ; 0 ; 0 ; 1 ; 1 ; 1 ; 0
1 ; 0 ; 0 ; 0 ; 0 ; 0 ; 1 ; 0 ; 0 ; 1 ; 0 ; 1
1 ; 0 ; 0 ; 1 ; 1 ; 0 ; 0 ; 1 ; 0 ; 1 ; 1 ; 1
1 ; 0 ; 0 ; 0 ; 1 ; 0 ; 0 ; 1 ; 1 ; 0 ; 0 ; 1
0 ; 0 ; 0 ; 1 ; 1 ; 0 ; 1 ; 1 ; 1 ; 0 ; 0 ; 0
0 ; 0 ; 1 ; 1 ; 0 ; 0 ; 0 ; 1 ; 0 ; 0 ; 1 ; 1
1 ; 1 ; 1 ; 1 ; 1 ; 0 ; 1 ; 0 ; 1 ; 1 ; 0 ; 1
1 ; 0 ; 1 ; 1 ; 1 ; 1 ; 1 ; 1 ; 0 ; 1 ; 1 ; 0
0 ; 0 ; 0 ; 0 ; 1 ; 0 ; 0 ; 0 ; 1 ; 1 ; 1 ; 1
1 ; 0 ; 0 ; 1 ; 0 ; 0 ; 0 ; 0 ; 1 ; 0 ; 1 ; 1
1 ; 1 ; 1 ; 0 ; 1 ; 1 ; 0 ; 1 ; 1 ; 1 ; 1 ; 0
1 ; 1 ; 1 ; 0 ; 1 ; 0 ; 1 ; 0 ; 0 ; 1 ; 1 ; 1
1 ; 0 ; 0 ; 0 ; 1 ; 0 ; 0 ; 0 ; 1 ; 0 ; 0 ; 0
0 ; 1 ; 1 ; 1 ; 1 ; 1 ; 1 ; 0 ; 0 ; 0 ; 0 ; 1
0 ; 1 ; 1 ; 1 ; 0 ; 0 ; 0 ; 1 ; 0 ; 0 ; 0 ; 1
1 ; 0 ; 0 ; 0 ; 1 ; 1 ; 0 ; 0 ; 0 ; 1 ; 1 ; 1
0 ; 0 ; 0 ; 0 ; 0 ; 0 ; 0 ; 1 ; 0 ; 1 ; 0 ; 0
1 ; 1 ; 1 ; 0 ; 1 ; 1 ; 1 ; 1 ; 0 ; 1 ; 1 ; 0
1 ; 1 ; 1 ; 1 ; 1 ; 0 ; 1 ; 0 ; 0 ; 1 ; 0 ; 0
1 ; 1 ; 1 ; 1 ; 0 ; 0 ; 1 ; 0 ; 0 ; 1 ; 1 ; 0
0 ; 1 ; 0 ; 1 ; 0 ; 0 ; 0 ; 0 ; 1 ; 0 ; 0 ; 0
1 ; 0 ; 0 ; 0 ; 0 ; 0 ; 1 ; 1 ; 1 ; 1 ; 1 ; 1
0 ; 0 ; 0 ; 0 ; 1 ; 0 ; 0 ; 1 ; 0 ; 1 ; 0 ; 1
1 ; 1 ; 1 ; 0 ; 1 ; 0 ; 1 ; 1 ; 1 ; 1 ; 1 ; 1
1 ; 1 ; 1 ; 1 ; 0 ; 1 ; 1 ; 1 ; 1 ; 1 ; 1 ; 0
0 ; 0 ; 1 ; 0 ; 0 ; 0 ; 1 ; 0 ; 0 ; 0 ; 0 ; 0
0 ; 0 ; 0 ; 1 ; 0 ; 1 ; 1 ; 0 ; 1 ; 1 ; 0 ; 0
1 ; 0 ; 1 ; 1 ; 0 ; 1 ; 0 ; 0 ; 1 ; 1 ; 1 ; 1
0 ; 0 ; 0 ; 1 ; 1 ; 1 ; 0 ; 0 ; 0 ; 0 ; 0 ; 1
1 ; 0 ; 1 ; 1 ; 1 ; 1 ; 0 ; 0 ; 1 ; 1 ; 0 ; 1
0 ; 1 ; 1 ; 1 ; 1 ; 1 ; 0 ; 1 ; 1 ; 1 ; 1 ; 0
0 ; 0 ; 0 ; 1 ; 1 ; 1 ; 1 ; 0 ; 0 ; 1 ; 1 ; 1
0 ; 0 ; 1 ; 1 ; 1 ; 0 ; 0 ; 1 ; 1 ; 0 ; 1 ; 1
0 ; 1 ; 1 ; 0 ; 1 ; 1 ; 1 ; 0 ; 0 ; 1 ; 0 ; 0
0 ; 1 ; 0 ; 0 ; 1 ; 1 ; 0 ; 0 ; 0 ; 0 ; 0 ; 0
1 ; 0 ; 1 ; 0 ; 1 ; 1 ; 0 ; 0 ; 1 ; 0 ; 0 ; 0
1 ; 1 ; 1 ; 0 ; 1 ; 0 ; 1 ; 0 ; 0 ; 1 ; 0 ; 1
0 ; 0 ; 0 ; 1 ; 0 ; 1 ; 1 ; 0 ; 1 ; 0 ; 1 ; 1
0 ; 0 ; 0 ; 1 ; 1 ; 1 ; 1 ; 1 ; 1 ; 1 ; 1 ; 1
0 ; 0 ; 1 ; 0 ; 0 ; 1 ; 1 ; 1 ; 0 ; 0 ; 1 ; 0
1 ; 1 ; 1 ; 0 ; 0 ; 0 ; 1 ; 0 ; 0 ; 0 ; 0 ; 0
1 ; 1 ; 0 ; 0 ; 0 ; 1 ; 0 ; 1 ; 1 ; 1 ; 1 ; 1
1 ; 0 ; 0 ; 1 ; 1 ; 1 ; 1 ; 0 ; 1 ; 0 ; 0 ; 0
0 ; 1 ; 0 ; 1 ; 0 ; 1 ; 1 ; 0 ; 0 ; 0 ; 1 ; 0
1 ; 1 ; 0 ; 1 ; 1 ; 1 ; 0 ; 0 ; 0 ; 1 ; 1 ; 0
0 ; 1 ; 1 ; 1 ; 0 ; 0 ; 1 ; 1 ; 0 ; 1 ; 0 ; 0
0 ; 0 ; 0 ; 1 ; 0 ; 0 ; 1 ; 1 ; 0 ; 0 ; 1 ; 1
1 ; 1 ; 1 ; 0 ; 0 ; 1 ; 0 ; 1 ; 1 ; 0 ; 0 ; 0
1 ; 0 ; 0 ; 1 ; 0 ; 1 ; 1 ; 0 ; 0 ; 0 ; 0 ; 0
1 ; 0 ; 1 ; 1 ; 0 ; 0 ; 0 ; 0 ; 1 ; 1 ; 1 ; 0
0 ; 1 ; 0 ; 0 ; 1 ; 1 ; 0 ; 0 ; 0 ; 1 ; 1 ; 0
1 ; 1 ; 1 ; 0 ; 0 ; 0 ; 0 ; 0 ; 0 ; 1 ; 0 ; 1
0 ; 0 ; 1 ; 1 ; 1 ; 0 ; 1 ; 1 ; 0 ; 0 ; 0 ; 1
1 ; 1 ; 0 ; 1 ; 1 ; 0 ; 0 ; 1 ; 1 ; 1 ; 1 ; 0
0 ; 1 ; 0 ; 0 ; 0 ; 1 ; 1 ; 0 ; 0 ; 1 ; 1 ; 1
0 ; 0 ; 1 ; 0 ; 1 ; 0 ; 0 ; 1 ; 0 ; 0 ; 0 ; 1
0 ; 1 ; 0 ; 1 ; 1 ; 0 ; 1 ; 1 ; 1 ; 0 ; 1 ; 0
0 ; 0 ; 1 ; 1 ; 0 ; 0 ; 0 ; 0 ; 0 ; 1 ; 1 ; 0
1 ; 0 ; 0 ; 0 ; 1 ; 0 ; 1 ; 1 ; 0 ; 1 ; 1 ; 1
0 ; 0 ; 1 ; 0 ; 0 ; 0 ; 0 ; 0 ; 0 ; 0 ; 1 ; 1
1 ; 0 ; 0 ; 0 ; 0 ; 0 ; 1 ; 0 ; 0 ; 0 ; 1 ; 0
0 ; 0 ; 1 ; 0 ; 1 ; 0 ; 0 ; 1 ; 1 ; 1 ; 0 ; 0
1 ; 0 ; 1 ; 0 ; 1 ; 1 ; 1 ; 0 ; 0 ; 0 ; 0 ; 0
0 ; 1 ; 1 ; 1 ; 0 ; 0 ; 1 ; 1 ; 1 ; 1 ; 0 ; 0
1 ; 1 ; 0 ; 0 ; 1 ; 1 ; 0 ; 0 ; 1 ; 1 ; 1 ; 1
0 ; 1 ; 1 ; 1 ; 0 ; 1 ; 1 ; 0 ; 1 ; 1 ; 0 ; 0
1 ; 1 ; 0 ; 0 ; 1 ; 1 ; 1 ; 0 ; 1 ; 0 ; 0 ; 1
1 ; 0 ; 1 ; 0 ; 0 ; 0 ; 0 ; 1 ; 1 ; 0 ; 1 ; 1
1 ; 0 ; 1 ; 1 ; 0 ; 1 ; 0 ; 1 ; 1 ; 1 ; 1 ; 1
0 ; 1 ; 1 ; 1 ; 0 ; 1 ; 1 ; 1 ; 1 ; 1 ; 1 ; 0
1 ; 0 ; 0 ; 0 ; 1 ; 1 ; 1 ; 0 ; 0 ; 1 ; 0 ; 0
0 ; 1 ; 1 ; 1 ; 0 ; 1 ; 0 ; 0 ; 0 ; 0 ; 1 ; 1
0 ; 0 ; 1 ; 0 ; 0 ; 1 ; 1 ; 0 ; 1 ; 0 ; 1 ; 1
0 ; 1 ; 0 ; 1 ; 0 ; 0 ; 1 ; 0 ; 1 ; 0 ; 1 ; 0
0 ; 1 ; 1 ; 1 ; 1 ; 1 ; 0 ; 1 ; 0 ; 1 ; 0 ; 1
0 ; 1 ; 1 ; 0 ; 0 ; 1 ; 1 ; 1 ; 1 ; 0 ; 1 ; 1
1 ; 0 ; 0 ; 0 ; 0 ; 1 ; 1 ; 0 ; 1 ; 1 ; 0 ; 0
1 ; 0 ; 1 ; 0 ; 1 ; 0 ; 1 ; 0 ; 0 ; 1 ; 1 ; 1
0 ; 1 ; 0 ; 1 ; 1 ; 1 ; 0 ; 0 ; 1 ; 1 ; 0 ; 1
0 ; 0 ; 1 ; 1 ; 0 ; 1 ; 1 ; 0 ; 0 ; 1 ; 0 ; 1
1 ; 0 ; 0 ; 1 ; 0 ; 0 ; 1 ; 0 ; 0 ; 1 ; 1 ; 0
1 ; 1 ; 0 ; 0 ; 0 ; 1 ; 1 ; 1 ; 1 ; 1 ; 1 ; 0
0 ; 0 ; 1 ; 0 ; 1 ; 0 ; 1 ; 1 ; 0 ; 0 ; 1 ; 0
0 ; 1 ; 1 ; 1 ; 0 ; 1 ; 1 ; 1 ; 0 ; 0 ; 1 ; 1
0 ; 1 ; 0 ; 1 ; 1 ; 0 ; 1 ; 0 ; 1 ; 0 ; 1 ; 0
1 ; 0 ; 1 ; 0 ; 1 ; 1 ; 1 ; 0 ; 0 ; 0 ; 1 ; 0
0 ; 0 ; 0 ; 1 ; 0 ; 1 ; 0 ; 1 ; 0 ; 0 ; 0 ; 0
0 ; 0 ; 1 ; 0 ; 0 ; 0 ; 1 ; 1 ; 0 ; 1 ; 1 ; 0
0 ; 1 ; 1 ; 1 ; 0 ; 1 ; 0 ; 1 ; 1 ; 0 ; 0 ; 0
1 ; 1 ; 0 ; 0 ; 1 ; 1 ; 1 ; 1 ; 1 ; 1 ; 1 ; 1
1 ; 1 ; 1 ; 0 ; 1 ; 0 ; 0 ; 1 ; 1 ; 0 ; 1 ; 0
1 ; 0 ; 1 ; 1 ; 1 ; 0 ; 1 ; 1 ; 0 ; 1 ; 0 ; 0
0 ; 0 ; 1 ; 0 ; 1 ; 1 ; 0 ; 1 ; 0 ; 0 ; 0 ; 0
0 ; 1 ; 0 ; 1 ; 1 ; 1 ; 0 ; 0 ; 0 ; 0 ; 1 ; 0
1 ; 1 ; 0 ; 1 ; 1 ; 1 ; 1 ; 0 ; 0 ; 0 ; 1 ; 0
1 ; 0 ; 0 ; 1 ; 1 ; 0 ; 1 ; 1 ; 0 ; 1 ; 0 ; 1
1 ; 0 ; 0 ; 0 ; 1 ; 0 ; 1 ; 0 ; 0 ; 0 ; 1 ; 0
1 ; 1 ; 1 ; 1 ; 1 ; 1 ; 1 ; 1 ; 1 ; 0 ; 1 ; 1
0 ; 0 ; 1 ; 0 ; 1 ; 0 ; 1 ; 1 ; 0 ; 1 ; 1 ; 0
1 ; 1 ; 0 ; 0 ; 0 ; 1 ; 1 ; 0 ; 1 ; 0 ; 0 ; 0
1 ; 1 ; 1 ; 0 ; 0 ; 0 ; 0 ; 0 ; 0 ; 1 ; 1 ; 1
1 ; 0 ; 0 ; 1 ; 0 ; 1 ; 0 ; 1 ; 1 ; 1 ; 0 ; 1
0 ; 1 ; 1 ; 1 ; 0 ; 0 ; 1 ; 1 ; 0 ; 1 ; 1 ; 1
1 ; 1 ; 0 ; 0 ; 0 ; 0 ; 1 ; 1 ; 0 ; 1 ; 1 ; 0
1 ; 0 ; 0 ; 0 ; 1 ; 1 ; 0 ; 0 ; 1 ; 1 ; 0 ; 1
1 ; 1 ; 1 ; 1 ; 1 ; 0 ; 1 ; 0 ; 1 ; 0 ; 1 ; 0
1 ; 1 ; 1 ; 0 ; 1 ; 0 ; 0 ; 0 ; 1 ; 0 ; 1 ; 1
1 ; 1 ; 1 ; 0 ; 0 ; 0 ; 1 ; 0 ; 1 ; 1 ; 1 ; 1
0 ; 0 ; 1 ; 1 ; 1 ; 0 ; 0 ; 0 ; 0 ; 0 ; 1 ; 0
1 ; 0 ; 0 ; 0 ; 1 ; 1 ; 1 ; 1 ; 0 ; 1 ; 1 ; 0
1 ; 1 ; 0 ; 1 ; 1 ; 0 ; 0 ; 1 ; 0 ; 1 ; 0 ; 0
1 ; 1 ; 1 ; 1 ; 0 ; 0 ; 0 ; 0 ; 1 ; 1 ; 1 ; 1
1 ; 1 ; 1 ; 1 ; 1 ; 0 ; 1 ; 0 ; 1 ; 1 ; 0 ; 1
1 ; 1 ; 1 ; 0 ; 1 ; 1 ; 1 ; 1 ; 1 ; 0 ; 0 ; 0
0 ; 0 ; 1 ; 1 ; 0 ; 0 ; 0 ; 0 ; 0 ; 0 ; 0 ; 0
0 ; 1 ; 0 ; 0 ; 1 ; 1 ; 1 ; 0 ; 1 ; 1 ; 0 ; 0
1 ; 1 ; 0 ; 1 ; 0 ; 0 ; 1 ; 1 ; 0 ; 1 ; 0 ; 1
0 ; 0 ; 1 ; 1 ; 1 ; 1 ; 1 ; 1 ; 0 ; 1 ; 0 ; 0
0 ; 1 ; 1 ; 0 ; 0 ; 1 ; 0 ; 1 ; 0 ; 1 ; 0 ; 1
1 ; 1 ; 0 ; 0 ; 0 ; 0 ; 1 ; 1 ; 0 ; 0 ; 1 ; 0
0 ; 0 ; 1 ; 1 ; 1 ; 0 ; 1 ; 1 ; 1 ; 1 ; 0 ; 1
1 ; 0 ; 1 ; 0 ; 1 ; 1 ; 1 ; 0 ; 1 ; 1 ; 0 ; 0
0 ; 0 ; 1 ; 0 ; 1 ; 0 ; 1 ; 0 ; 1 ; 1 ; 1 ; 1
0 ; 1 ; 0 ; 1 ; 0 ; 0 ; 0 ; 1 ; 0 ; 1 ; 0 ; 0
0 ; 1 ; 0 ; 1 ; 0 ; 1 ; 1 ; 1 ; 0 ; 1 ; 1 ; 1
1 ; 0 ; 0 ; 1 ; 1 ; 0 ; 0 ; 0 ; 1 ; 1 ; 1 ; 1
1 ; 1 ; 0 ; 1 ; 0 ; 1 ; 0 ; 0 ; 1 ; 1 ; 0 ; 1
0 ; 1 ; 1 ; 0 ; 1 ; 1 ; 1 ; 0 ; 0 ; 1 ; 0 ; 1
0 ; 1 ; 1 ; 0 ; 1 ; 1 ; 1 ; 1 ; 0 ; 1 ; 0 ; 0
0 ; 0 ; 0 ; 0 ; 1 ; 0 ; 1 ; 1 ; 1 ; 0 ; 1 ; 0
0 ; 0 ; 0 ; 0 ; 1 ; 0 ; 0 ; 1 ; 0 ; 1 ; 1 ; 0
1 ; 0 ; 0 ; 1 ; 1 ; 1 ; 0 ; 1 ; 0 ; 1 ; 0 ; 1
0 ; 0 ; 1 ; 0 ; 0 ; 1 ; 0 ; 1 ; 1 ; 1 ; 1 ; 1
0 ; 0 ; 0 ; 1 ; 1 ; 1 ; 1 ; 1 ; 1 ; 0 ; 0 ; 0
0 ; 0 ; 0 ; 1 ; 0 ; 0 ; 0 ; 1 ; 0 ; 0 ; 0 ; 0
0 ; 1 ; 0 ; 1 ; 1 ; 1 ; 1 ; 0 ; 0 ; 1 ; 0 ; 0
1 ; 1 ; 1 ; 1 ; 1 ; 0 ; 0 ; 0 ; 0 ; 1 ; 1 ; 0
0 ; 0 ; 1 ; 0 ; 1 ; 1 ; 0 ; 0 ; 1 ; 1 ; 0 ; 0
0 ; 1 ; 0 ; 1 ; 0 ; 0 ; 0 ; 0 ; 1 ; 1 ; 0 ; 0
1 ; 0 ; 0 ; 0 ; 1 ; 1 ; 0 ; 0 ; 0 ; 0 ; 0 ; 0
1 ; 0 ; 0 ; 1 ; 1 ; 0 ; 0 ; 0 ; 1 ; 0 ; 1 ; 1
0 ; 1 ; 0 ; 0 ; 1 ; 1 ; 0 ; 1 ; 0 ; 0 ; 1 ; 1
0 ; 0 ; 1 ; 1 ; 0 ; 1 ; 0 ; 1 ; 1 ; 1 ; 0 ; 0
0 ; 1 ; 1 ; 0 ; 1 ; 0 ; 0 ; 0 ; 1 ; 0 ; 1 ; 1
0 ; 1 ; 0 ; 0 ; 1 ; 0 ; 0 ; 0 ; 1 ; 0 ; 0 ; 0
0 ; 0 ; 1 ; 1 ; 0 ; 0 ; 1 ; 0 ; 1 ; 0 ; 1 ; 1
0 ; 0 ; 0 ; 1 ; 1 ; 0 ; 1 ; 1 ; 1 ; 0 ; 1 ; 0
1 ; 1 ; 1 ; 1 ; 0 ; 1 ; 1 ; 1 ; 0 ; 1 ; 0 ; 1
0 ; 1 ; 1 ; 1 ; 1 ; 0 ; 0 ; 0 ; 0 ; 1 ; 1 ; 0
1 ; 1 ; 1 ; 1 ; 1 ; 1 ; 1 ; 0 ; 0 ; 1 ; 0 ; 0
1 ; 1 ; 1 ; 1 ; 0 ; 1 ; 0 ; 1 ; 1 ; 1 ; 1 ; 0
0 ; 0 ; 0 ; 1 ; 0 ; 1 ; 0 ; 1 ; 0 ; 1 ; 0 ; 0
0 ; 0 ; 0 ; 1 ; 1 ; 0 ; 0 ; 0 ; 0 ; 0 ; 1 ; 1
0 ; 0 ; 0 ; 0 ; 1 ; 1 ; 0 ; 1 ; 1 ; 1 ; 1 ; 1
1 ; 0 ; 1 ; 0 ; 1 ; 0 ; 1 ; 1 ; 0 ; 0 ; 0 ; 1
1 ; 1 ; 1 ; 0 ; 0 ; 0 ; 1 ; 0 ; 0 ; 0 ; 1 ; 1
1 ; 0 ; 0 ; 0 ; 1 ; 1 ; 1 ; 0 ; 1 ; 0 ; 1 ; 1
1 ; 1 ; 0 ; 1 ; 0 ; 1 ; 0 ; 0 ; 0 ; 1 ; 1 ; 1
1 ; 0 ; 1 ; 1 ; 0 ; 1 ; 1 ; 0 ; 1 ; 1 ; 1 ; 0
0 ; 1 ; 1 ; 0 ; 1 ; 0 ; 1 ; 1 ; 1 ; 0 ; 1 ; 1
0 ; 1 ; 0 ; 0 ; 0 ; 1 ; 1 ; 0 ; 1 ; 0 ; 1 ; 0
0 ; 1 ; 1 ; 1 ; 0 ; 0 ; 0 ; 0 ; 1 ; 0 ; 0 ; 0
1 ; 0 ; 1 ; 1 ; 0 ; 1 ; 1 ; 1 ; 1 ; 1 ; 0 ; 0
1 ; 1 ; 0 ; 0 ; 1 ; 1 ; 0 ; 1 ; 1 ; 1 ; 0 ; 0
1 ; 0 ; 0 ; 0 ; 1 ; 0 ; 0 ; 0 ; 0 ; 1 ; 1 ; 1
0 ; 1 ; 1 ; 1 ; 0 ; 1 ; 0 ; 0 ; 1 ; 1 ; 0 ; 1
1 ; 0 ; 1 ; 0 ; 0 ; 0 ; 1 ; 0 ; 1 ; 1 ; 0 ; 0
1 ; 1 ; 1 ; 1 ; 1 ; 0 ; 1 ; 1 ; 1 ; 1 ; 1 ; 0
1 ; 1 ; 0 ; 0 ; 1 ; 1 ; 1 ; 0 ; 1 ; 0 ; 0 ; 1
1 ; 1 ; 1 ; 0 ; 1 ; 0 ; 1 ; 0 ; 0 ; 1 ; 1 ; 0
1 ; 1 ; 1 ; 1 ; 0 ; 0 ; 0 ; 0 ; 1 ; 1 ; 1 ; 1
0 ; 1 ; 1 ; 0 ; 0 ; 1 ; 0 ; 1 ; 1 ; 1 ; 1 ; 0
1 ; 0 ; 1 ; 0 ; 1 ; 0 ; 1 ; 0 ; 0 ; 0 ; 1 ; 0
1 ; 1 ; 0 ; 1 ; 1 ; 1 ; 1 ; 1 ; 1 ; 1 ; 1 ; 1
1 ; 1 ; 0 ; 1 ; 1 ; 1 ; 0 ; 1 ; 1 ; 1 ; 0 ; 0
0 ; 0 ; 1 ; 1 ; 1 ; 0 ; 0 ; 1 ; 0 ; 0 ; 1 ; 1
0 ; 0 ; 0 ; 0 ; 1 ; 0 ; 1 ; 0 ; 0 ; 1 ; 0 ; 1
0 ; 1 ; 0 ; 1 ; 0 ; 0 ; 1 ; 0 ; 1 ; 0 ; 1 ; 0
0 ; 0 ; 0 ; 1 ; 0 ; 1 ; 0 ; 1 ; 1 ; 0 ; 1 ; 1
1 ; 0 ; 1 ; 1 ; 0 ; 1 ; 0 ; 0 ; 1 ; 1 ; 0 ; 0
0 ; 1 ; 0 ; 1 ; 0 ; 0 ; 0 ; 0 ; 1 ; 1 ; 0 ; 1
1 ; 0 ; 1 ; 1 ; 1 ; 1 ; 0 ; 0 ; 1 ; 0 ; 0 ; 0
0 ; 0 ; 1 ; 1 ; 0 ; 1 ; 1 ; 1 ; 1 ; 1 ; 1 ; 0
0 ; 1 ; 0 ; 1 ; 1 ; 0 ; 1 ; 1 ; 1 ; 0 ; 1 ; 1
0 ; 1 ; 1 ; 1 ; 0 ; 1 ; 1 ; 0 ; 0 ; 1 ; 0 ; 1
0 ; 1 ; 0 ; 1 ; 1 ; 1 ; 0 ; 1 ; 0 ; 1 ; 1 ; 0
1 ; 1 ; 0 ; 1 ; 1 ; 0 ; 1 ; 1 ; 0 ; 0 ; 0 ; 0
0 ; 1 ; 1 ; 0 ; 0 ; 0 ; 0 ; 0 ; 0 ; 1 ; 0 ; 0
1 ; 0 ; 0 ; 0 ; 0 ; 0 ; 1 ; 1 ; 1 ; 1 ; 0 ; 1
1 ; 0 ; 0 ; 0 ; 1 ; 0 ; 0 ; 1 ; 1 ; 1 ; 0 ; 1
0 ; 0 ; 0 ; 0 ; 0 ; 1 ; 0 ; 0 ; 1 ; 0 ; 0 ; 0
0 ; 0 ; 1 ; 0 ; 0 ; 0 ; 1 ; 0 ; 1 ; 0 ; 1 ; 0
0 ; 1 ; 1 ; 0 ; 0 ; 1 ; 0 ; 1 ; 1 ; 0 ; 0 ; 0
0 ; 0 ; 0 ; 0 ; 0 ; 0 ; 1 ; 0 ; 0 ; 1 ; 0 ; 0
1 ; 0 ; 0 ; 1 ; 1 ; 0 ; 1 ; 1 ; 0 ; 1 ; 1 ; 0
0 ; 1 ; 0 ; 0 ; 0 ; 0 ; 0 ; 0 ; 1 ; 0 ; 0 ; 1
0 ; 0 ; 1 ; 1 ; 0 ; 1 ; 1 ; 0 ; 0 ; 0 ; 0 ; 1
0 ; 0 ; 0 ; 0 ; 0 ; 0 ; 1 ; 1 ; 1 ; 0 ; 0 ; 1
1 ; 1 ; 1 ; 0 ; 0 ; 1 ; 1 ; 0 ; 1 ; 1 ; 0 ; 1
1 ; 0 ; 0 ; 0 ; 0 ; 0 ; 0 ; 0 ; 1 ; 1 ; 1 ; 0
0 ; 1 ; 0 ; 1 ; 1 ; 1 ; 0 ; 1 ; 1 ; 1 ; 1 ; 1
0 ; 0 ; 0 ; 1 ; 0 ; 0 ; 1 ; 1 ; 1 ; 1 ; 0 ; 1
1 ; 1 ; 0 ; 1 ; 1 ; 0 ; 0 ; 0 ; 1 ; 0 ; 0 ; 0
1 ; 0 ; 1 ; 1 ; 1 ; 1 ; 0 ; 0 ; 0 ; 0 ; 1 ; 1
1 ; 0 ; 1 ; 1 ; 0 ; 1 ; 1 ; 1 ; 1 ; 1 ; 1 ; 1
1 ; 1 ; 0 ; 1 ; 1 ; 1 ; 1 ; 0 ; 0 ; 1 ; 0 ; 0
1 ; 1 ; 1 ; 1 ; 0 ; 1 ; 0 ; 0 ; 0 ; 1 ; 0 ; 0
1 ; 0 ; 1 ; 1 ; 0 ; 1 ; 1 ; 1 ; 1 ; 1 ; 1 ; 0
0 ; 1 ; 1 ; 1 ; 1 ; 0 ; 1 ; 0 ; 0 ; 0 ; 1 ; 0
1 ; 1 ; 1 ; 0 ; 0 ; 1 ; 1 ; 1 ; 0 ; 1 ; 0 ; 0
1 ; 0 ; 1 ; 1 ; 1 ; 1 ; 1 ; 0 ; 0 ; 0 ; 1 ; 1
0 ; 0 ; 1 ; 0 ; 0 ; 0 ; 0 ; 0 ; 0 ; 1 ; 0 ; 0
1 ; 0 ; 1 ; 0 ; 1 ; 0 ; 0 ; 0 ; 0 ; 0 ; 1 ; 0
1 ; 0 ; 0 ; 1 ; 1 ; 1 ; 0 ; 0 ; 1 ; 1 ; 0 ; 0
1 ; 0 ; 1 ; 1 ; 0 ; 0 ; 0 ; 0 ; 1 ; 0 ; 1 ; 1
1 ; 1 ; 1 ; 0 ; 0 ; 0 ; 0 ; 1 ; 1 ; 1 ; 1 ; 1
0 ; 0 ; 1 ; 1 ; 0 ; 1 ; 0 ; 0 ; 1 ; 0 ; 0 ; 0
1 ; 1 ; 1 ; 0 ; 0 ; 0 ; 1 ; 1 ; 0 ; 1 ; 1 ; 1
0 ; 1 ; 0 ; 0 ; 1 ; 0 ; 0 ; 0 ; 0 ; 0 ; 1 ; 1
1 ; 0 ; 1 ; 1 ; 0 ; 1 ; 0 ; 1 ; 0 ; 0 ; 1 ; 0
1 ; 0 ; 1 ; 0 ; 1 ; 1 ; 0 ; 0 ; 0 ; 0 ; 1 ; 1
0 ; 1 ; 0 ; 0 ; 0 ; 0 ; 0 ; 0 ; 1 ; 0 ; 0 ; 1
1 ; 0 ; 0 ; 1 ; 1 ; 0 ; 1 ; 0 ; 1 ; 0 ; 1 ; 1
0 ; 1 ; 0 ; 0 ; 0 ; 0 ; 1 ; 0 ; 1 ; 1 ; 0 ; 0
1 ; 1 ; 0 ; 1 ; 1 ; 1 ; 1 ; 1 ; 0 ; 1 ; 0 ; 1
0 ; 1 ; 1 ; 0 ; 1 ; 0 ; 1 ; 0 ; 0 ; 0 ; 0 ; 1
0 ; 1 ; 1 ; 1 ; 0 ; 0 ; 0 ; 1 ; 1 ; 1 ; 0 ; 1
0 ; 0 ; 0 ; 1 ; 0 ; 1 ; 0 ; 0 ; 0 ; 1 ; 0 ; 0
1 ; 0 ; 0 ; 1 ; 1 ; 1 ; 0 ; 0 ; 1 ; 1 ; 1 ; 0
1 ; 0 ; 1 ; 1 ; 0 ; 1 ; 1 ; 0 ; 1 ; 1 ; 1 ; 0
0 ; 0 ; 0 ; 0 ; 1 ; 0 ; 1 ; 1 ; 0 ; 0 ; 1 ; 0
0 ; 1 ; 0 ; 0 ; 1 ; 0 ; 0 ; 0 ; 1 ; 1 ; 1 ; 0
1 ; 1 ; 1 ; 0 ; 0 ; 1 ; 0 ; 0 ; 1 ; 1 ; 0 ; 1
1 ; 1 ; 0 ; 0 ; 0 ; 0 ; 1 ; 1 ; 1 ; 0 ; 1 ; 0
1 ; 0 ; 0 ; 1 ; 0 ; 0 ; 0 ; 0 ; 0 ; 1 ; 1 ; 0
1 ; 1 ; 1 ; 1 ; 1 ; 0 ; 1 ; 1 ; 0 ; 1 ; 0 ; 1
1 ; 1 ; 0 ; 0 ; 1 ; 0 ; 1 ; 0 ; 0 ; 1 ; 0 ; 1
1 ; 0 ; 0 ; 0 ; 1 ; 0 ; 1 ; 0 ; 1 ; 1 ; 0 ; 0
0 ; 1 ; 1 ; 0 ; 0 ; 0 ; 0 ; 0 ; 1 ; 0 ; 0 ; 1
0 ; 0 ; 0 ; 0 ; 1 ; 0 ; 1 ; 0 ; 1 ; 1 ; 1 ; 0
0 ; 0 ; 0 ; 0 ; 1 ; 1 ; 1 ; 0 ; 1 ; 0 ; 0 ; 0
0 ; 0 ; 0 ; 1 ; 0 ; 1 ; 0 ; 1 ; 1 ; 0 ; 0 ; 1
1 ; 0 ; 0 ; 0 ; 1 ; 0 ; 1 ; 1 ; 0 ; 0 ; 1 ; 0
0 ; 0 ; 0 ; 1 ; 0 ; 0 ; 1 ; 1 ; 0 ; 1 ; 1 ; 1
0 ; 1 ; 0 ; 1 ; 1 ; 0 ; 1 ; 1 ; 1 ; 1 ; 1 ; 0
1 ; 1 ; 0 ; 0 ; 0 ; 1 ; 0 ; 0 ; 1 ; 0 ; 1 ; 1
0 ; 1 ; 0 ; 1 ; 0 ; 1 ; 0 ; 1 ; 0 ; 1 ; 0 ; 1
1 ; 1 ; 1 ; 0 ; 0 ; 1 ; 0 ; 0 ; 0 ; 0 ; 0 ; 1
0 ; 0 ; 1 ; 0 ; 1 ; 0 ; 0 ; 1 ; 1 ; 1 ; 1 ; 0
0 ; 1 ; 0 ; 0 ; 1 ; 1 ; 1 ; 0 ; 0 ; 0 ; 1 ; 0
0 ; 0 ; 1 ; 1 ; 0 ; 1 ; 1 ; 0 ; 1 ; 1 ; 1 ; 1
0 ; 0 ; 0 ; 0 ; 0 ; 0 ; 0 ; 1 ; 0 ; 1 ; 1 ; 0
0 ; 1 ; 0 ; 1 ; 1 ; 0 ; 1 ; 0 ; 1 ; 1 ; 0 ; 1
0 ; 1 ; 0 ; 0 ; 0 ; 0 ; 1 ; 0 ; 0 ; 0 ; 1 ; 1
1 ; 0 ; 1 ; 0 ; 0 ; 1 ; 0 ; 1 ; 1 ; 0 ; 1 ; 1
1 ; 1 ; 0 ; 0 ; 0 ; 1 ; 1 ; 1 ; 0 ; 0 ; 0 ; 1
1 ; 1 ; 1 ; 1 ; 0 ; 0 ; 0 ; 1 ; 0 ; 1 ; 1 ; 0
0 ; 1 ; 0 ; 0 ; 1 ; 0 ; 1 ; 0 ; 1 ; 1 ; 0 ; 1
0 ; 0 ; 1 ; 0 ; 1 ; 0 ; 0 ; 1 ; 1 ; 1 ; 0 ; 1
0 ; 0 ; 0 ; 1 ; 0 ; 1 ; 1 ; 0 ; 0 ; 1 ; 0 ; 1
1 ; 0 ; 0 ; 0 ; 0 ; 1 ; 1 ; 0 ; 0 ; 1 ; 1 ; 1
0 ; 1 ; 1 ; 1 ; 1 ; 0 ; 1 ; 0 ; 1 ; 0 ; 1 ; 1
0 ; 1 ; 1 ; 0 ; 1 ; 1 ; 1 ; 1 ; 0 ; 1 ; 1 ; 0
0 ; 0 ; 1 ; 0 ; 0 ; 1 ; 0 ; 0 ; 1 ; 1 ; 1 ; 0
0 ; 1 ; 0 ; 1 ; 1 ; 1 ; 1 ; 1 ; 0 ; 0 ; 1 ; 1
0 ; 0 ; 1 ; 1 ; 0 ; 0 ; 1 ; 0 ; 1 ; 0 ; 1 ; 1
1 ; 0 ; 1 ; 1 ; 0 ; 0 ; 0 ; 0 ; 0 ; 0 ; 1 ; 0
0 ; 1 ; 1 ; 0 ; 1 ; 1 ; 0 ; 1 ; 0 ; 0 ; 0 ; 1
1 ; 1 ; 0 ; 1 ; 0 ; 1 ; 1 ; 1 ; 0 ; 0 ; 0 ; 0
1 ; 0 ; 0 ; 0 ; 0 ; 0 ; 0 ; 0 ; 1 ; 1 ; 0 ; 1
1 ; 1 ; 1 ; 0 ; 1 ; 1 ; 0 ; 0 ; 1 ; 0 ; 1 ; 0
1 ; 1 ; 0 ; 0 ; 1 ; 0 ; 0 ; 1 ; 0 ; 1 ; 0 ; 1
1 ; 1 ; 1 ; 0 ; 1 ; 0 ; 0 ; 1 ; 1 ; 1 ; 1 ; 0
1 ; 0 ; 0 ; 0 ; 1 ; 0 ; 0 ; 0 ; 1 ; 1 ; 1 ; 0
0 ; 1 ; 1 ; 0 ; 1 ; 0 ; 0 ; 0 ; 0 ; 1 ; 1 ; 1
1 ; 0 ; 1 ; 0 ; 1 ; 1 ; 1 ; 0 ; 0 ; 0 ; 1 ; 1
1 ; 0 ; 1 ; 1 ; 0 ; 1 ; 0 ; 1 ; 1 ; 0 ; 0 ; 0
0 ; 1 ; 1 ; 0 ; 0 ; 0 ; 0 ; 1 ; 1 ; 0 ; 1 ; 1
0 ; 0 ; 1 ; 1 ; 1 ; 0 ; 1 ; 1 ; 1 ; 0 ; 1 ; 1
1 ; 0 ; 0 ; 0 ; 0 ; 0 ; 0 ; 0 ; 0 ; 1 ; 0 ; 0
1 ; 0 ; 0 ; 0 ; 1 ; 0 ; 1 ; 0 ; 1 ; 0 ; 1 ; 0
0 ; 1 ; 0 ; 0 ; 0 ; 0 ; 1 ; 0 ; 1 ; 0 ; 1 ; 0
0 ; 0 ; 0 ; 0 ; 1 ; 1 ; 1 ; 0 ; 0 ; 1 ; 1 ; 0
1 ; 1 ; 0 ; 1 ; 0 ; 1 ; 1 ; 0 ; 0 ; 1 ; 1 ; 0
1 ; 0 ; 0 ; 0 ; 1 ; 0 ; 1 ; 1 ; 1 ; 0 ; 1 ; 1
0 ; 0 ; 1 ; 0 ; 1 ; 0 ; 1 ; 1 ; 1 ; 1 ; 0 ; 1
0 ; 0 ; 0 ; 0 ; 0 ; 0 ; 0 ; 0 ; 1 ; 0 ; 1 ; 0
0 ; 1 ; 1 ; 0 ; 0 ; 1 ; 1 ; 1 ; 0 ; 0 ; 0 ; 0
1 ; 0 ; 1 ; 0 ; 1 ; 1 ; 0 ; 1 ; 1 ; 0 ; 0 ; 0
1 ; 0 ; 0 ; 0 ; 0 ; 1 ; 1 ; 0 ; 0 ; 0 ; 0 ; 0
1 ; 0 ; 1 ; 1 ; 1 ; 1 ; 1 ; 0 ; 0 ; 0 ; 1 ; 1
1 ; 1 ; 0 ; 1 ; 1 ; 0 ; 1 ; 1 ; 0 ; 0 ; 1 ; 1
0 ; 1 ; 1 ; 1 ; 1 ; 1 ; 1 ; 1 ; 1 ; 1 ; 1 ; 1
1 ; 0 ; 1 ; 1 ; 1 ; 0 ; 1 ; 1 ; 1 ; 1 ; 0 ; 0
1 ; 0 ; 1 ; 1 ; 1 ; 0 ; 0 ; 1 ; 1 ; 1 ; 1 ; 0
0 ; 0 ; 0 ; 0 ; 0 ; 1 ; 1 ; 0 ; 1 ; 1 ; 1 ; 0
1 ; 0 ; 1 ; 1 ; 0 ; 1 ; 0 ; 0 ; 0 ; 1 ; 1 ; 1
0 ; 1 ; 0 ; 0 ; 0 ; 0 ; 0 ; 1 ; 1 ; 1 ; 0 ; 1
1 ; 1 ; 0 ; 0 ; 1 ; 0 ; 1 ; 0 ; 0 ; 1 ; 1 ; 1
0 ; 0 ; 1 ; 0 ; 1 ; 0 ; 0 ; 1 ; 0 ; 1 ; 1 ; 1
0 ; 1 ; 1 ; 0 ; 1 ; 1 ; 1 ; 0 ; 1 ; 1 ; 1 ; 0
0 ; 1 ; 0 ; 1 ; 1 ; 0 ; 1 ; 1 ; 0 ; 0 ; 0 ; 0
1 ; 1 ; 1 ; 1 ; 1 ; 1 ; 1 ; 0 ; 1 ; 1 ; 0 ; 0
1 ; 1 ; 0 ; 0 ; 1 ; 1 ; 0 ; 0 ; 1 ; 0 ; 1 ; 0
0 ; 1 ; 1 ; 1 ; 0 ; 0 ; 1 ; 0 ; 0 ; 1 ; 0 ; 0
1 ; 1 ; 0 ; 1 ; 1 ; 1 ; 0 ; 0 ; 0 ; 0 ; 0 ; 0
0 ; 1 ; 1 ; 1 ; 1 ; 1 ; 0 ; 1 ; 1 ; 1 ; 0 ; 1
1 ; 0 ; 0 ; 0 ; 1 ; 0 ; 1 ; 1 ; 1 ; 1 ; 0 ; 1
1 ; 0 ; 0 ; 0 ; 0 ; 0 ; 1 ; 0 ; 1 ; 1 ; 1 ; 0
1 ; 1 ; 0 ; 1 ; 0 ; 1 ; 1 ; 1 ; 0 ; 0 ; 0 ; 1
1 ; 0 ; 0 ; 0 ; 1 ; 1 ; 1 ; 0 ; 1 ; 0 ; 0 ; 1
0 ; 1 ; 0 ; 0 ; 0 ; 0 ; 0 ; 1 ; 0 ; 1 ; 0 ; 1
0 ; 0 ; 1 ; 0 ; 0 ; 1 ; 0 ; 1 ; 0 ; 0 ; 0 ; 0
0 ; 1 ; 0 ; 0 ; 1 ; 1 ; 0 ; 1 ; 1 ; 1 ; 1 ; 1
1 ; 1 ; 0 ; 1 ; 1 ; 1 ; 1 ; 1 ; 0 ; 0 ; 0 ; 1
1 ; 0 ; 0 ; 0 ; 1 ; 1 ; 1 ; 0 ; 1 ; 0 ; 0 ; 0
1 ; 1 ; 0 ; 1 ; 0 ; 1 ; 0 ; 0 ; 1 ; 1 ; 1 ; 1
0 ; 1 ; 1 ; 1 ; 0 ; 0 ; 0 ; 0 ; 0 ; 0 ; 1 ; 1
0 ; 1 ; 0 ; 1 ; 1 ; 0 ; 1 ; 1 ; 0 ; 1 ; 1 ; 0
0 ; 1 ; 1 ; 1 ; 1 ; 0 ; 1 ; 0 ; 0 ; 0 ; 0 ; 1
1 ; 0 ; 1 ; 0 ; 0 ; 0 ; 0 ; 0 ; 1 ; 1 ; 0 ; 0
1 ; 0 ; 0 ; 0 ; 0 ; 1 ; 0 ; 0 ; 0 ; 1 ; 1 ; 1
0 ; 0 ; 0 ; 0 ; 0 ; 1 ; 0 ; 1 ; 0 ; 1 ; 0 ; 1
1 ; 1 ; 0 ; 1 ; 0 ; 1 ; 0 ; 1 ; 0 ; 0 ; 0 ; 1
1 ; 0 ; 1 ; 0 ; 0 ; 0 ; 1 ; 1 ; 0 ; 1 ; 1 ; 0
1 ; 1 ; 0 ; 1 ; 1 ; 0 ; 1 ; 1 ; 1 ; 0 ; 1 ; 1
0 ; 0 ; 0 ; 1 ; 0 ; 1 ; 1 ; 0 ; 0 ; 0 ; 1 ; 0
0 ; 1 ; 1 ; 1 ; 0 ; 0 ; 0 ; 0 ; 1 ; 0 ; 0 ; 1
1 ; 1 ; 1 ; 1 ; 1 ; 1 ; 0 ; 1 ; 0 ; 1 ; 1 ; 1
0 ; 0 ; 1 ; 1 ; 0 ; 0 ; 1 ; 1 ; 0 ; 0 ; 1 ; 1
1 ; 1 ; 0 ; 1 ; 1 ; 1 ; 0 ; 1 ; 1 ; 1 ; 0 ; 0
1 ; 1 ; 0 ; 1 ; 0 ; 1 ; 1 ; 1 ; 0 ; 1 ; 0 ; 1
1 ; 1 ; 0 ; 1 ; 1 ; 1 ; 0 ; 1 ; 1 ; 0 ; 1 ; 1
0 ; 0 ; 0 ; 1 ; 1 ; 1 ; 1 ; 1 ; 1 ; 1 ; 0 ; 1
0 ; 1 ; 0 ; 1 ; 0 ; 0 ; 1 ; 1 ; 0 ; 1 ; 1 ; 0
0 ; 1 ; 0 ; 0 ; 0 ; 1 ; 0 ; 0 ; 1 ; 0 ; 1 ; 1
0 ; 1 ; 1 ; 1 ; 0 ; 1 ; 1 ; 0 ; 0 ; 1 ; 0 ; 1
1 ; 0 ; 1 ; 0 ; 1 ; 1 ; 0 ; 1 ; 0 ; 1 ; 0 ; 0
0 ; 1 ; 0 ; 0 ; 0 ; 1 ; 0 ; 0 ; 1 ; 1 ; 0 ; 1
0 ; 0 ; 1 ; 0 ; 0 ; 1 ; 1 ; 0 ; 1 ; 1 ; 1 ; 1
0 ; 0 ; 1 ; 0 ; 1 ; 0 ; 1 ; 1 ; 0 ; 1 ; 0 ; 1
1 ; 0 ; 0 ; 0 ; 0 ; 1 ; 0 ; 0 ; 1 ; 0 ; 0 ; 0
0 ; 1 ; 1 ; 0 ; 1 ; 0 ; 1 ; 0 ; 0 ; 0 ; 0 ; 1
1 ; 0 ; 0 ; 1 ; 1 ; 1 ; 0 ; 1 ; 1 ; 1 ; 1 ; 1
0 ; 1 ; 0 ; 0 ; 0 ; 0 ; 0 ; 1 ; 0 ; 0 ; 1 ; 1
0 ; 1 ; 0 ; 1 ; 0 ; 0 ; 1 ; 0 ; 1 ; 0 ; 0 ; 0
1 ; 1 ; 1 ; 0 ; 0 ; 1 ; 1 ; 1 ; 0 ; 1 ; 0 ; 0
1 ; 0 ; 0 ; 0 ; 0 ; 1 ; 1 ; 1 ; 0 ; 0 ; 0 ; 1
1 ; 0 ; 1 ; 1 ; 0 ; 1 ; 0 ; 1 ; 0 ; 1 ; 0 ; 1
0 ; 1 ; 1 ; 1 ; 1 ; 1 ; 1 ; 0 ; 0 ; 1 ; 1 ; 0
1 ; 1 ; 0 ; 1 ; 0 ; 1 ; 1 ; 1 ; 1 ; 1 ; 1 ; 0
0 ; 1 ; 1 ; 0 ; 0 ; 0 ; 1 ; 0 ; 1 ; 1 ; 0 ; 1
1 ; 1 ; 0 ; 0 ; 1 ; 1 ; 0 ; 1 ; 1 ; 1 ; 1 ; 0
1 ; 0 ; 0 ; 1 ; 0 ; 1 ; 1 ; 1 ; 1 ; 0 ; 1 ; 1
1 ; 1 ; 1 ; 0 ; 1 ; 1 ; 1 ; 0 ; 1 ; 0 ; 0 ; 0
0 ; 1 ; 1 ; 0 ; 1 ; 1 ; 0 ; 1 ; 0 ; 0 ; 0 ; 1
1 ; 0 ; 0 ; 1 ; 1 ; 1 ; 1 ; 1 ; 1 ; 0 ; 1 ; 0
1 ; 0 ; 1 ; 1 ; 1 ; 0 ; 0 ; 1 ; 0 ; 0 ; 0 ; 0
1 ; 0 ; 1 ; 1 ; 0 ; 1 ; 0 ; 1 ; 0 ; 1 ; 1 ; 1
1 ; 1 ; 1 ; 0 ; 1 ; 1 ; 0 ; 1 ; 0 ; 0 ; 1 ; 0
1 ; 1 ; 1 ; 1 ; 1 ; 1 ; 1 ; 1 ; 0 ; 0 ; 0 ; 0
1 ; 0 ; 1 ; 1 ; 1 ; 0 ; 1 ; 0 ; 1 ; 1 ; 0 ; 1
0 ; 1 ; 0 ; 1 ; 0 ; 0 ; 0 ; 1 ; 0 ; 0 ; 1 ; 0
1 ; 1 ; 1 ; 1 ; 0 ; 1 ; 1 ; 0 ; 0 ; 0 ; 0 ; 0
0 ; 1 ; 0 ; 1 ; 1 ; 0 ; 0 ; 1 ; 1 ; 0 ; 0 ; 0
1 ; 1 ; 0 ; 0 ; 0 ; 0 ; 1 ; 1 ; 1 ; 0 ; 1 ; 0
0 ; 0 ; 0 ; 1 ; 1 ; 0 ; 1 ; 0 ; 1 ; 0 ; 1 ; 0
0 ; 1 ; 1 ; 1 ; 0 ; 1 ; 1 ; 0 ; 1 ; 0 ; 1 ; 0
1 ; 0 ; 1 ; 1 ; 1 ; 1 ; 1 ; 0 ; 1 ; 0 ; 1 ; 1
0 ; 0 ; 1 ; 0 ; 1 ; 1 ; 0 ; 0 ; 0 ; 0 ; 1 ; 1
1 ; 1 ; 0 ; 0 ; 1 ; 0 ; 0 ; 1 ; 1 ; 0 ; 1 ; 1
1 ; 0 ; 1 ; 1 ; 0 ; 0 ; 0 ; 0 ; 0 ; 0 ; 0 ; 1
0 ; 1 ; 1 ; 1 ; 1 ; 1 ; 0 ; 0 ; 1 ; 0 ; 0 ; 0
0 ; 0 ; 0 ; 0 ; 0 ; 1 ; 1 ; 1 ; 0 ; 1 ; 1 ; 1
1 ; 0 ; 1 ; 0 ; 1 ; 0 ; 0 ; 0 ; 1 ; 0 ; 1 ; 0
1 ; 0 ; 1 ; 1 ; 0 ; 0 ; 1 ; 0 ; 1 ; 0 ; 0 ; 1
0 ; 1 ; 0 ; 0 ; 1 ; 1 ; 1 ; 0 ; 0 ; 0 ; 0 ; 1
0 ; 1 ; 1 ; 0 ; 0 ; 1 ; 1 ; 1 ; 1 ; 1 ; 1 ; 1
0 ; 0 ; 0 ; 1 ; 0 ; 1 ; 0 ; 0 ; 1 ; 1 ; 1 ; 1
0 ; 1 ; 1 ; 1 ; 0 ; 0 ; 0 ; 0 ; 1 ; 1 ; 0 ; 0
0 ; 1 ; 0 ; 0 ; 1 ; 1 ; 0 ; 0 ; 0 ; 0 ; 0 ; 1
1 ; 1 ; 0 ; 0 ; 1 ; 1 ; 0 ; 1 ; 1 ; 0 ; 0 ; 0
0 ; 0 ; 1 ; 0 ; 0 ; 1 ; 1 ; 0 ; 1 ; 0 ; 1 ; 1
0 ; 0 ; 0 ; 1 ; 1 ; 1 ; 1 ; 1 ; 1 ; 1 ; 0 ; 1
0 ; 1 ; 0 ; 0 ; 1 ; 0 ; 0 ; 0 ; 0 ; 0 ; 1 ; 0
1 ; 0 ; 1 ; 1 ; 0 ; 1 ; 0 ; 1 ; 0 ; 1 ; 1 ; 1
0 ; 1 ; 0 ; 0 ; 1 ; 1 ; 1 ; 0 ; 0 ; 0 ; 1 ; 1
0 ; 0 ; 1 ; 0 ; 0 ; 1 ; 1 ; 0 ; 1 ; 1 ; 0 ; 1
0 ; 1 ; 0 ; 1 ; 1 ; 1 ; 1 ; 1 ; 1 ; 1 ; 1 ; 1
0 ; 1 ; 0 ; 0 ; 1 ; 0 ; 1 ; 0 ; 0 ; 0 ; 0 ; 0
0 ; 0 ; 0 ; 1 ; 0 ; 0 ; 1 ; 0 ; 0 ; 0 ; 1 ; 1
0 ; 0 ; 1 ; 1 ; 1 ; 0 ; 0 ; 1 ; 1 ; 0 ; 1 ; 0
1 ; 1 ; 0 ; 1 ; 1 ; 1 ; 1 ; 1 ; 0 ; 1 ; 1 ; 0
1 ; 0 ; 0 ; 0 ; 0 ; 1 ; 1 ; 1 ; 1 ; 1 ; 0 ; 1
0 ; 1 ; 0 ; 0 ; 1 ; 1 ; 0 ; 1 ; 0 ; 1 ; 0 ; 1
0 ; 1 ; 0 ; 0 ; 0 ; 1 ; 0 ; 1 ; 0 ; 0 ; 1 ; 0
1 ; 1 ; 0 ; 1 ; 1 ; 0 ; 1 ; 1 ; 1 ; 1 ; 1 ; 0
1 ; 1 ; 0 ; 1 ; 1 ; 0 ; 0 ; 0 ; 0 ; 1 ; 0 ; 0
1 ; 0 ; 0 ; 1 ; 0 ; 0 ; 1 ; 0 ; 0 ; 1 ; 0 ; 0
0 ; 0 ; 1 ; 1 ; 0 ; 1 ; 1 ; 1 ; 0 ; 1 ; 1 ; 1
0 ; 0 ; 1 ; 1 ; 1 ; 0 ; 0 ; 1 ; 0 ; 1 ; 0 ; 0
0 ; 0 ; 0 ; 0 ; 0 ; 0 ; 0 ; 0 ; 0 ; 1 ; 0 ; 1
1 ; 0 ; 1 ; 1 ; 1 ; 1 ; 0 ; 1 ; 1 ; 1 ; 1 ; 1
1 ; 0 ; 1 ; 1 ; 1 ; 1 ; 1 ; 1 ; 0 ; 0 ; 1 ; 0
1 ; 1 ; 1 ; 0 ; 1 ; 0 ; 0 ; 1 ; 1 ; 0 ; 0 ; 0
1 ; 0 ; 0 ; 0 ; 1 ; 0 ; 1 ; 0 ; 0 ; 1 ; 0 ; 0
0 ; 1 ; 1 ; 1 ; 0 ; 0 ; 1 ; 0 ; 1 ; 0 ; 0 ; 0
0 ; 1 ; 0 ; 0 ; 0 ; 1 ; 0 ; 1 ; 1 ; 0 ; 1 ; 0
1 ; 0 ; 0 ; 0 ; 0 ; 1 ; 1 ; 0 ; 0 ; 0 ; 0 ; 1
0 ; 1 ; 0 ; 1 ; 0 ; 1 ; 1 ; 0 ; 0 ; 0 ; 0 ; 1
0 ; 1 ; 0 ; 0 ; 0 ; 1 ; 1 ; 0 ; 1 ; 1 ; 0 ; 1
1 ; 1 ; 1 ; 0 ; 1 ; 1 ; 1 ; 0 ; 1 ; 0 ; 1 ; 0
1 ; 1 ; 0 ; 1 ; 0 ; 0 ; 1 ; 0 ; 0 ; 0 ; 0 ; 1
0 ; 1 ; 0 ; 0 ; 1 ; 0 ; 1 ; 1 ; 1 ; 1 ; 0 ; 1
0 ; 0 ; 0 ; 0 ; 1 ; 1 ; 1 ; 1 ; 1 ; 1 ; 1 ; 0
1 ; 0 ; 1 ; 1 ; 0 ; 0 ; 0 ; 0 ; 0 ; 0 ; 1 ; 0
0 ; 0 ; 1 ; 1 ; 0 ; 1 ; 1 ; 1 ; 0 ; 1 ; 0 ; 0
0 ; 1 ; 1 ; 0 ; 0 ; 1 ; 1 ; 1 ; 0 ; 0 ; 0 ; 1
1 ; 0 ; 1 ; 0 ; 1 ; 0 ; 1 ; 1 ; 1 ; 1 ; 0 ; 0
1 ; 1 ; 1 ; 1 ; 1 ; 1 ; 0 ; 1 ; 1 ; 0 ; 0 ; 1
0 ; 0 ; 0 ; 0 ; 0 ; 1 ; 1 ; 0 ; 1 ; 0 ; 0 ; 1
0 ; 1 ; 0 ; 1 ; 1 ; 0 ; 0 ; 0 ; 0 ; 0 ; 1 ; 0
0 ; 1 ; 1 ; 1 ; 1 ; 0 ; 1 ; 0 ; 0 ; 0 ; 1 ; 1
0 ; 1 ; 1 ; 0 ; 0 ; 0 ; 0 ; 1 ; 0 ; 0 ; 0 ; 0
0 ; 0 ; 0 ; 1 ; 1 ; 1 ; 0 ; 0 ; 1 ; 1 ; 1 ; 1
0 ; 0 ; 1 ; 0 ; 1 ; 0 ; 1 ; 1 ; 0 ; 0 ; 1 ; 1
0 ; 0 ; 0 ; 0 ; 0 ; 1 ; 1 ; 0 ; 1 ; 0 ; 1 ; 1
1 ; 1 ; 1 ; 1 ; 0 ; 0 ; 1 ; 0 ; 1 ; 0 ; 1 ; 1
0 ; 1 ; 1 ; 0 ; 1 ; 1 ; 0 ; 1 ; 0 ; 1 ; 1 ; 1
1 ; 0 ; 1 ; 0 ; 0 ; 1 ; 0 ; 1 ; 1 ; 0 ; 0 ; 1
1 ; 1 ; 1 ; 0 ; 0 ; 0 ; 0 ; 0 ; 0 ; 1 ; 0 ; 0
0 ; 1 ; 0 ; 1 ; 1 ; 0 ; 0 ; 1 ; 0 ; 0 ; 0 ; 1
0 ; 1 ; 0 ; 0 ; 1 ; 0 ; 1 ; 0 ; 0 ; 1 ; 0 ; 1
1 ; 1 ; 1 ; 0 ; 1 ; 1 ; 0 ; 0 ; 0 ; 1 ; 1 ; 0
0 ; 0 ; 0 ; 0 ; 0 ; 0 ; 1 ; 1 ; 0 ; 0 ; 0 ; 1
1 ; 1 ; 1 ; 1 ; 0 ; 1 ; 0 ; 0 ; 0 ; 0 ; 0 ; 1
1 ; 0 ; 1 ; 0 ; 1 ; 0 ; 0 ; 0 ; 1 ; 0 ; 1 ; 0
0 ; 0 ; 1 ; 1 ; 1 ; 1 ; 1 ; 1 ; 1 ; 0 ; 1 ; 0
0 ; 1 ; 0 ; 0 ; 1 ; 0 ; 1 ; 0 ; 1 ; 0 ; 1 ; 0
1 ; 1 ; 1 ; 1 ; 0 ; 1 ; 1 ; 1 ; 1 ; 1 ; 0 ; 1
1 ; 1 ; 0 ; 0 ; 0 ; 1 ; 0 ; 1 ; 0 ; 0 ; 0 ; 0
0 ; 0 ; 1 ; 1 ; 1 ; 1 ; 0 ; 1 ; 1 ; 1 ; 1 ; 0
1 ; 0 ; 0 ; 1 ; 0 ; 0 ; 0 ; 1 ; 1 ; 0 ; 1 ; 1
0 ; 0 ; 0 ; 0 ; 1 ; 1 ; 1 ; 1 ; 1 ; 0 ; 1 ; 0
1 ; 1 ; 0 ; 0 ; 0 ; 1 ; 1 ; 0 ; 0 ; 1 ; 1 ; 0
1 ; 1 ; 1 ; 1 ; 1 ; 0 ; 1 ; 0 ; 1 ; 0 ; 1 ; 1
1 ; 0 ; 1 ; 0 ; 1 ; 0 ; 0 ; 1 ; 0 ; 1 ; 1 ; 1
0 ; 1 ; 1 ; 0 ; 0 ; 1 ; 1 ; 1 ; 1 ; 0 ; 1 ; 1
0 ; 1 ; 1 ; 0 ; 1 ; 0 ; 1 ; 0 ; 0 ; 1 ; 0 ; 0
0 ; 1 ; 1 ; 1 ; 1 ; 0 ; 0 ; 0 ; 0 ; 1 ; 1 ; 0
0 ; 1 ; 0 ; 1 ; 0 ; 1 ; 1 ; 1 ; 0 ; 1 ; 1 ; 1
1 ; 0 ; 1 ; 1 ; 0 ; 1 ; 0 ; 1 ; 0 ; 1 ; 1 ; 1
0 ; 1 ; 1 ; 0 ; 1 ; 0 ; 1 ; 1 ; 0 ; 1 ; 1 ; 0
0 ; 1 ; 1 ; 1 ; 1 ; 0 ; 1 ; 1 ; 0 ; 1 ; 0 ; 0
1 ; 1 ; 0 ; 1 ; 1 ; 1 ; 1 ; 1 ; 0 ; 1 ; 1 ; 0
1 ; 0 ; 1 ; 0 ; 0 ; 0 ; 0 ; 0 ; 0 ; 0 ; 1 ; 1
0 ; 0 ; 1 ; 0 ; 0 ; 0 ; 0 ; 0 ; 0 ; 0 ; 1 ; 1
0 ; 0 ; 0 ; 0 ; 1 ; 1 ; 1 ; 0 ; 0 ; 1 ; 0 ; 1
1 ; 1 ; 1 ; 0 ; 1 ; 1 ; 0 ; 0 ; 1 ; 1 ; 0 ; 0
0 ; 0 ; 0 ; 0 ; 1 ; 0 ; 0 ; 1 ; 0 ; 0 ; 0 ; 1
1 ; 1 ; 0 ; 1 ; 0 ; 1 ; 0 ; 0 ; 1 ; 1 ; 0 ; 0
1 ; 0 ; 1 ; 0 ; 1 ; 0 ; 0 ; 0 ; 0 ; 0 ; 0 ; 1
0 ; 0 ; 1 ; 0 ; 1 ; 1 ; 0 ; 1 ; 1 ; 0 ; 0 ; 1
0 ; 1 ; 1 ; 0 ; 1 ; 0 ; 1 ; 0 ; 0 ; 0 ; 1 ; 1
0 ; 1 ; 0 ; 0 ; 0 ; 0 ; 1 ; 0 ; 0 ; 1 ; 1 ; 0
0 ; 0 ; 0 ; 0 ; 1 ; 1 ; 1 ; 0 ; 1 ; 1 ; 1 ; 0
1 ; 1 ; 0 ; 1 ; 1 ; 0 ; 1 ; 1 ; 0 ; 1 ; 1 ; 0
1 ; 0 ; 1 ; 1 ; 0 ; 0 ; 0 ; 1 ; 1 ; 0 ; 0 ; 1
1 ; 1 ; 0 ; 1 ; 0 ; 0 ; 1 ; 0 ; 0 ; 1 ; 1 ; 0
1 ; 0 ; 0 ; 0 ; 0 ; 0 ; 1 ; 0 ; 1 ; 1 ; 0 ; 0
1 ; 1 ; 0 ; 0 ; 0 ; 1 ; 0 ; 0 ; 1 ; 0 ; 0 ; 1
1 ; 0 ; 0 ; 1 ; 1 ; 0 ; 0 ; 1 ; 0 ; 1 ; 0 ; 0
1 ; 1 ; 0 ; 1 ; 0 ; 1 ; 0 ; 1 ; 0 ; 1 ; 1 ; 1
0 ; 1 ; 0 ; 1 ; 1 ; 1 ; 1 ; 1 ; 0 ; 0 ; 0 ; 1
1 ; 0 ; 0 ; 0 ; 1 ; 0 ; 1 ; 1 ; 1 ; 1 ; 0 ; 1
0 ; 1 ; 0 ; 1 ; 0 ; 0 ; 0 ; 0 ; 0 ; 1 ; 1 ; 1
1 ; 0 ; 0 ; 1 ; 0 ; 1 ; 1 ; 1 ; 1 ; 1 ; 1 ; 0
0 ; 0 ; 1 ; 1 ; 0 ; 1 ; 1 ; 0 ; 0 ; 0 ; 1 ; 0
1 ; 0 ; 0 ; 0 ; 1 ; 0 ; 0 ; 0 ; 0 ; 1 ; 0 ; 1
0 ; 0 ; 1 ; 1 ; 0 ; 0 ; 0 ; 1 ; 0 ; 0 ; 1 ; 1
1 ; 1 ; 0 ; 0 ; 1 ; 0 ; 0 ; 1 ; 1 ; 1 ; 0 ; 1
0 ; 1 ; 1 ; 1 ; 0 ; 1 ; 0 ; 1 ; 1 ; 1 ; 1 ; 0
1 ; 0 ; 0 ; 1 ; 1 ; 1 ; 1 ; 0 ; 1 ; 0 ; 1 ; 1
1 ; 0 ; 0 ; 0 ; 0 ; 1 ; 1 ; 1 ; 0 ; 1 ; 1 ; 0
1 ; 1 ; 1 ; 1 ; 1 ; 1 ; 0 ; 0 ; 0 ; 1 ; 1 ; 0
1 ; 1 ; 0 ; 0 ; 0 ; 0 ; 1 ; 1 ; 1 ; 0 ; 1 ; 1
0 ; 0 ; 0 ; 1 ; 0 ; 0 ; 1 ; 0 ; 0 ; 1 ; 1 ; 1
0 ; 0 ; 1 ; 0 ; 0 ; 1 ; 1 ; 0 ; 1 ; 1 ; 0 ; 1
1 ; 0 ; 0 ; 0 ; 1 ; 0 ; 0 ; 1 ; 1 ; 1 ; 1 ; 0
1 ; 1 ; 0 ; 1 ; 1 ; 1 ; 0 ; 0 ; 0 ; 0 ; 0 ; 0
1 ; 1 ; 0 ; 0 ; 0 ; 0 ; 0 ; 0 ; 1 ; 1 ; 0 ; 0
0 ; 1 ; 1 ; 0 ; 0 ; 1 ; 0 ; 0 ; 1 ; 0 ; 1 ; 0
0 ; 0 ; 1 ; 1 ; 1 ; 0 ; 0 ; 1 ; 0 ; 1 ; 1 ; 1
0 ; 0 ; 0 ; 0 ; 1 ; 0 ; 0 ; 1 ; 1 ; 1 ; 1 ; 0
1 ; 0 ; 0 ; 0 ; 1 ; 0 ; 0 ; 1 ; 1 ; 1 ; 0 ; 1
1 ; 0 ; 1 ; 0 ; 0 ; 1 ; 1 ; 1 ; 1 ; 1 ; 0 ; 1
1 ; 1 ; 1 ; 1 ; 1 ; 0 ; 1 ; 0 ; 0 ; 0 ; 0 ; 0
0 ; 0 ; 0 ; 1 ; 1 ; 0 ; 0 ; 0 ; 1 ; 1 ; 0 ; 1
1 ; 0 ; 1 ; 1 ; 1 ; 0 ; 0 ; 1 ; 0 ; 1 ; 0 ; 0
1 ; 0 ; 0 ; 0 ; 1 ; 1 ; 1 ; 1 ; 1 ; 1 ; 1 ; 1
0 ; 1 ; 0 ; 1 ; 1 ; 1 ; 1 ; 1 ; 1 ; 0 ; 0 ; 1
0 ; 0 ; 1 ; 1 ; 1 ; 1 ; 1 ; 1 ; 1 ; 1 ; 1 ; 1
1 ; 0 ; 1 ; 0 ; 0 ; 1 ; 1 ; 0 ; 0 ; 1 ; 1 ; 1
0 ; 0 ; 1 ; 1 ; 1 ; 0 ; 0 ; 1 ; 0 ; 1 ; 0 ; 1
0 ; 1 ; 1 ; 1 ; 1 ; 1 ; 0 ; 1 ; 1 ; 0 ; 1 ; 0
0 ; 1 ; 1 ; 1 ; 1 ; 1 ; 0 ; 0 ; 0 ; 0 ; 0 ; 0
1 ; 0 ; 0 ; 0 ; 0 ; 0 ; 1 ; 0 ; 0 ; 1 ; 0 ; 1
1 ; 1 ; 1 ; 0 ; 1 ; 0 ; 1 ; 0 ; 1 ; 0 ; 1 ; 1
1 ; 1 ; 0 ; 0 ; 0 ; 1 ; 1 ; 1 ; 0 ; 1 ; 1 ; 0
0 ; 0 ; 1 ; 1 ; 1 ; 0 ; 0 ; 0 ; 1 ; 0 ; 1 ; 1
1 ; 0 ; 0 ; 0 ; 0 ; 0 ; 1 ; 0 ; 0 ; 0 ; 0 ; 1
1 ; 0 ; 0 ; 0 ; 0 ; 0 ; 1 ; 0 ; 0 ; 0 ; 0 ; 0
0 ; 1 ; 0 ; 0 ; 1 ; 0 ; 0 ; 1 ; 0 ; 0 ; 1 ; 1
0 ; 0 ; 0 ; 1 ; 0 ; 0 ; 1 ; 1 ; 1 ; 1 ; 1 ; 0
1 ; 0 ; 1 ; 0 ; 0 ; 1 ; 1 ; 0 ; 0 ; 0 ; 1 ; 1
0 ; 1 ; 1 ; 0 ; 0 ; 1 ; 1 ; 1 ; 0 ; 1 ; 1 ; 0
0 ; 0 ; 1 ; 0 ; 0 ; 1 ; 0 ; 1 ; 1 ; 1 ; 0 ; 1
1 ; 0 ; 1 ; 1 ; 0 ; 0 ; 1 ; 1 ; 0 ; 1 ; 1 ; 1
1 ; 1 ; 0 ; 0 ; 0 ; 0 ; 0 ; 0 ; 1 ; 0 ; 1 ; 0
1 ; 1 ; 0 ; 0 ; 1 ; 1 ; 0 ; 0 ; 1 ; 0 ; 1 ; 1
1 ; 1 ; 0 ; 1 ; 1 ; 1 ; 1 ; 0 ; 1 ; 0 ; 0 ; 1
0 ; 1 ; 0 ; 0 ; 1 ; 0 ; 1 ; 1 ; 1 ; 1 ; 1 ; 0
0 ; 0 ; 0 ; 1 ; 0 ; 1 ; 0 ; 0 ; 1 ; 1 ; 1 ; 1
0 ; 1 ; 0 ; 0 ; 0 ; 0 ; 0 ; 0 ; 0 ; 0 ; 1 ; 0
0 ; 1 ; 1 ; 0 ; 1 ; 1 ; 0 ; 0 ; 1 ; 1 ; 0 ; 0
1 ; 0 ; 0 ; 0 ; 0 ; 1 ; 0 ; 0 ; 0 ; 0 ; 1 ; 0
0 ; 0 ; 0 ; 1 ; 1 ; 0 ; 0 ; 1 ; 0 ; 1 ; 1 ; 1
1 ; 0 ; 1 ; 1 ; 1 ; 0 ; 1 ; 1 ; 0 ; 0 ; 0 ; 1
0 ; 0 ; 0 ; 1 ; 1 ; 1 ; 1 ; 1 ; 1 ; 0 ; 1 ; 1
1 ; 0 ; 1 ; 0 ; 1 ; 1 ; 0 ; 1 ; 0 ; 1 ; 0 ; 1
0 ; 1 ; 0 ; 1 ; 1 ; 1 ; 1 ; 0 ; 0 ; 1 ; 1 ; 1
0 ; 1 ; 1 ; 0 ; 1 ; 0 ; 0 ; 1 ; 1 ; 1 ; 1 ; 1
1 ; 0 ; 1 ; 0 ; 0 ; 1 ; 1 ; 0 ; 1 ; 0 ; 1 ; 0
1 ; 0 ; 1 ; 0 ; 1 ; 1 ; 1 ; 0 ; 0 ; 0 ; 0 ; 1
0 ; 1 ; 1 ; 0 ; 0 ; 0 ; 0 ; 1 ; 1 ; 1 ; 0 ; 1
1 ; 0 ; 1 ; 1 ; 1 ; 1 ; 1 ; 0 ; 1 ; 1 ; 0 ; 1
0 ; 1 ; 0 ; 1 ; 0 ; 0 ; 0 ; 1 ; 0 ; 0 ; 0 ; 1
1 ; 0 ; 0 ; 0 ; 0 ; 0 ; 0 ; 1 ; 0 ; 0 ; 0 ; 1
0 ; 0 ; 0 ; 0 ; 0 ; 0 ; 0 ; 0 ; 0 ; 1 ; 0 ; 0
0 ; 1 ; 0 ; 1 ; 0 ; 0 ; 1 ; 1 ; 0 ; 0 ; 0 ; 1
1 ; 0 ; 1 ; 0 ; 0 ; 0 ; 0 ; 0 ; 0 ; 0 ; 1 ; 1
0 ; 0 ; 0 ; 1 ; 0 ; 1 ; 0 ; 1 ; 0 ; 1 ; 1 ; 0
1 ; 1 ; 1 ; 1 ; 1 ; 0 ; 0 ; 0 ; 0 ; 1 ; 0 ; 0
1 ; 1 ; 1 ; 1 ; 1 ; 0 ; 0 ; 0 ; 0 ; 0 ; 1 ; 1
1 ; 1 ; 0 ; 1 ; 0 ; 1 ; 0 ; 0 ; 1 ; 1 ; 0 ; 1
0 ; 1 ; 0 ; 0 ; 0 ; 0 ; 1 ; 1 ; 1 ; 1 ; 0 ; 0
0 ; 1 ; 1 ; 0 ; 1 ; 0 ; 0 ; 1 ; 0 ; 0 ; 0 ; 0
1 ; 1 ; 0 ; 0 ; 0 ; 0 ; 1 ; 1 ; 1 ; 1 ; 1 ; 0
1 ; 1 ; 1 ; 1 ; 1 ; 0 ; 1 ; 0 ; 0 ; 1 ; 0 ; 0
1 ; 0 ; 0 ; 0 ; 0 ; 0 ; 0 ; 1 ; 0 ; 1 ; 1 ; 1
0 ; 1 ; 0 ; 0 ; 1 ; 1 ; 0 ; 1 ; 1 ; 0 ; 1 ; 1
0 ; 0 ; 0 ; 1 ; 1 ; 0 ; 1 ; 0 ; 1 ; 0 ; 0 ; 0
0 ; 1 ; 1 ; 1 ; 0 ; 1 ; 0 ; 1 ; 1 ; 1 ; 1 ; 0
1 ; 1 ; 0 ; 0 ; 1 ; 1 ; 1 ; 0 ; 1 ; 1 ; 1 ; 0
0 ; 1 ; 0 ; 0 ; 1 ; 0 ; 1 ; 1 ; 0 ; 0 ; 0 ; 0
1 ; 1 ; 1 ; 1 ; 1 ; 0 ; 1 ; 1 ; 1 ; 0 ; 0 ; 0
0 ; 0 ; 1 ; 1 ; 0 ; 1 ; 1 ; 1 ; 1 ; 1 ; 0 ; 1
0 ; 1 ; 0 ; 1 ; 0 ; 0 ; 0 ; 0 ; 1 ; 0 ; 1 ; 0
1 ; 1 ; 0 ; 1 ; 1 ; 1 ; 0 ; 1 ; 1 ; 1 ; 0 ; 1
0 ; 0 ; 0 ; 1 ; 1 ; 1 ; 1 ; 0 ; 1 ; 1 ; 0 ; 0
0 ; 0 ; 0 ; 1 ; 0 ; 1 ; 1 ; 0 ; 0 ; 0 ; 0 ; 1
1 ; 1 ; 0 ; 1 ; 1 ; 1 ; 1 ; 0 ; 1 ; 0 ; 0 ; 1
0 ; 1 ; 1 ; 1 ; 1 ; 0 ; 1 ; 1 ; 0 ; 0 ; 1 ; 1
1 ; 1 ; 1 ; 0 ; 0 ; 1 ; 0 ; 0 ; 0 ; 0 ; 0 ; 1
1 ; 0 ; 1 ; 1 ; 0 ; 1 ; 0 ; 0 ; 1 ; 1 ; 0 ; 1
0 ; 0 ; 0 ; 0 ; 1 ; 1 ; 0 ; 1 ; 0 ; 1 ; 1 ; 1
1 ; 0 ; 0 ; 0 ; 0 ; 0 ; 0 ; 1 ; 0 ; 1 ; 0 ; 1
0 ; 0 ; 1 ; 0 ; 1 ; 1 ; 0 ; 1 ; 0 ; 1 ; 1 ; 0
0 ; 1 ; 0 ; 1 ; 0 ; 0 ; 0 ; 0 ; 0 ; 0 ; 1 ; 0
0 ; 0 ; 0 ; 0 ; 0 ; 1 ; 1 ; 0 ; 1 ; 1 ; 1 ; 0
0 ; 0 ; 1 ; 0 ; 0 ; 1 ; 0 ; 0 ; 1 ; 1 ; 0 ; 0
1 ; 1 ; 1 ; 1 ; 1 ; 0 ; 1 ; 0 ; 1 ; 1 ; 0 ; 0
1 ; 0 ; 0 ; 1 ; 0 ; 1 ; 0 ; 1 ; 0 ; 1 ; 1 ; 0
1 ; 1 ; 0 ; 0 ; 0 ; 0 ; 0 ; 1 ; 0 ; 1 ; 0 ; 0
1 ; 0 ; 1 ; 1 ; 1 ; 0 ; 0 ; 0 ; 0 ; 0 ; 0 ; 1
0 ; 1 ; 1 ; 1 ; 1 ; 1 ; 1 ; 1 ; 1 ; 0 ; 0 ; 1
0 ; 0 ; 1 ; 1 ; 0 ; 1 ; 0 ; 0 ; 0 ; 1 ; 1 ; 1
1 ; 1 ; 0 ; 0 ; 1 ; 1 ; 0 ; 1 ; 1 ; 0 ; 1 ; 0
0 ; 1 ; 1 ; 1 ; 1 ; 1 ; 1 ; 1 ; 0 ; 1 ; 0 ; 1
1 ; 1 ; 1 ; 0 ; 1 ; 0 ; 1 ; 1 ; 1 ; 0 ; 1 ; 1
1 ; 0 ; 1 ; 0 ; 0 ; 1 ; 0 ; 1 ; 0 ; 1 ; 0 ; 1
1 ; 0 ; 0 ; 0 ; 0 ; 0 ; 0 ; 1 ; 1 ; 0 ; 0 ; 0
0 ; 1 ; 0 ; 0 ; 1 ; 1 ; 0 ; 1 ; 0 ; 1 ; 1 ; 0
1 ; 1 ; 1 ; 1 ; 1 ; 0 ; 1 ; 1 ; 0 ; 0 ; 0 ; 0
0 ; 1 ; 0 ; 0 ; 1 ; 0 ; 0 ; 0 ; 1 ; 1 ; 1 ; 1
1 ; 0 ; 1 ; 1 ; 0 ; 1 ; 0 ; 0 ; 1 ; 0 ; 1 ; 0
0 ; 0 ; 1 ; 1 ; 1 ; 0 ; 0 ; 1 ; 1 ; 0 ; 1 ; 0
0 ; 1 ; 0 ; 0 ; 0 ; 1 ; 1 ; 0 ; 0 ; 0 ; 0 ; 1
0 ; 0 ; 0 ; 1 ; 0 ; 0 ; 0 ; 1 ; 1 ; 0 ; 0 ; 0
1 ; 1 ; 0 ; 0 ; 1 ; 0 ; 0 ; 1 ; 1 ; 0 ; 0 ; 1
0 ; 1 ; 1 ; 0 ; 0 ; 1 ; 0 ; 0 ; 0 ; 1 ; 1 ; 1
0 ; 0 ; 1 ; 0 ; 0 ; 0 ; 0 ; 0 ; 0 ; 0 ; 0 ; 0
0 ; 0 ; 0 ; 0 ; 0 ; 1 ; 1 ; 0 ; 1 ; 0 ; 1 ; 0
1 ; 1 ; 0 ; 0 ; 1 ; 0 ; 1 ; 1 ; 0 ; 0 ; 0 ; 0
1 ; 1 ; 1 ; 1 ; 0 ; 0 ; 0 ; 0 ; 1 ; 0 ; 1 ; 1
1 ; 1 ; 1 ; 0 ; 1 ; 1 ; 0 ; 0 ; 1 ; 1 ; 0 ; 0
0 ; 1 ; 0 ; 0 ; 0 ; 1 ; 0 ; 0 ; 1 ; 1 ; 0 ; 0
0 ; 1 ; 1 ; 0 ; 0 ; 0 ; 1 ; 0 ; 1 ; 1 ; 1 ; 1
1 ; 0 ; 0 ; 1 ; 1 ; 0 ; 1 ; 0 ; 0 ; 1 ; 1 ; 1
1 ; 1 ; 0 ; 1 ; 1 ; 1 ; 1 ; 1 ; 0 ; 0 ; 0 ; 1
0 ; 1 ; 1 ; 1 ; 1 ; 0 ; 0 ; 0 ; 0 ; 1 ; 0 ; 0
1 ; 0 ; 1 ; 0 ; 1 ; 0 ; 0 ; 0 ; 0 ; 0 ; 1 ; 0
1 ; 0 ; 0 ; 0 ; 0 ; 0 ; 1 ; 0 ; 0 ; 1 ; 0 ; 0
0 ; 1 ; 1 ; 0 ; 1 ; 1 ; 0 ; 0 ; 0 ; 1 ; 0 ; 1
0 ; 0 ; 1 ; 1 ; 0 ; 1 ; 0 ; 0 ; 0 ; 0 ; 0 ; 1
1 ; 1 ; 0 ; 0 ; 1 ; 0 ; 0 ; 0 ; 1 ; 1 ; 0 ; 0
0 ; 1 ; 0 ; 1 ; 0 ; 1 ; 0 ; 1 ; 1 ; 1 ; 0 ; 1
0 ; 0 ; 0 ; 0 ; 1 ; 0 ; 1 ; 0 ; 0 ; 1 ; 1 ; 1
0 ; 1 ; 1 ; 1 ; 1 ; 1 ; 0 ; 1 ; 1 ; 0 ; 0 ; 0
1 ; 1 ; 1 ; 1 ; 1 ; 1 ; 0 ; 0 ; 0 ; 0 ; 1 ; 0
0 ; 0 ; 1 ; 0 ; 1 ; 0 ; 0 ; 1 ; 1 ; 0 ; 1 ; 1
1 ; 0 ; 1 ; 0 ; 0 ; 0 ; 0 ; 1 ; 1 ; 0 ; 0 ; 1
0 ; 1 ; 0 ; 0 ; 1 ; 1 ; 0 ; 0 ; 0 ; 0 ; 0 ; 0
1 ; 0 ; 0 ; 0 ; 0 ; 1 ; 1 ; 1 ; 1 ; 1 ; 0 ; 1
0 ; 1 ; 0 ; 1 ; 1 ; 0 ; 1 ; 1 ; 1 ; 0 ; 0 ; 0
0 ; 1 ; 1 ; 1 ; 0 ; 1 ; 1 ; 1 ; 0 ; 0 ; 0 ; 1
1 ; 0 ; 0 ; 0 ; 0 ; 0 ; 0 ; 1 ; 1 ; 1 ; 1 ; 1
0 ; 0 ; 1 ; 1 ; 0 ; 1 ; 0 ; 1 ; 1 ; 0 ; 1 ; 1
0 ; 1 ; 0 ; 0 ; 1 ; 0 ; 0 ; 0 ; 1 ; 1 ; 1 ; 0
1 ; 0 ; 1 ; 0 ; 0 ; 0 ; 0 ; 0 ; 0 ; 1 ; 1 ; 1
1 ; 1 ; 1 ; 0 ; 1 ; 1 ; 0 ; 0 ; 0 ; 0 ; 0 ; 0
1 ; 1 ; 0 ; 0 ; 1 ; 1 ; 0 ; 1 ; 0 ; 1 ; 0 ; 0
1 ; 1 ; 0 ; 0 ; 0 ; 0 ; 1 ; 0 ; 1 ; 1 ; 1 ; 0
0 ; 1 ; 1 ; 1 ; 1 ; 0 ; 1 ; 1 ; 0 ; 1 ; 1 ; 0
1 ; 0 ; 1 ; 0 ; 0 ; 1 ; 1 ; 1 ; 1 ; 1 ; 0 ; 1
1 ; 1 ; 0 ; 0 ; 0 ; 0 ; 1 ; 0 ; 0 ; 1 ; 1 ; 1
0 ; 0 ; 1 ; 1 ; 1 ; 0 ; 0 ; 0 ; 1 ; 0 ; 0 ; 0
0 ; 1 ; 0 ; 0 ; 0 ; 0 ; 1 ; 1 ; 0 ; 1 ; 1 ; 1
1 ; 0 ; 0 ; 1 ; 1 ; 1 ; 1 ; 0 ; 0 ; 0 ; 1 ; 0
0 ; 1 ; 0 ; 1 ; 0 ; 1 ; 0 ; 1 ; 0 ; 1 ; 0 ; 0
0 ; 0 ; 0 ; 1 ; 1 ; 1 ; 1 ; 1 ; 0 ; 1 ; 0 ; 0
1 ; 1 ; 0 ; 0 ; 0 ; 0 ; 1 ; 0 ; 0 ; 1 ; 0 ; 0
0 ; 0 ; 1 ; 0 ; 0 ; 1 ; 1 ; 1 ; 0 ; 1 ; 1 ; 0
1 ; 1 ; 0 ; 0 ; 0 ; 1 ; 1 ; 1 ; 1 ; 0 ; 1 ; 0
0 ; 0 ; 0 ; 0 ; 1 ; 0 ; 1 ; 0 ; 0 ; 0 ; 0 ; 0
1 ; 1 ; 0 ; 0 ; 1 ; 0 ; 1 ; 1 ; 0 ; 1 ; 1 ; 1
1 ; 1 ; 1 ; 0 ; 0 ; 1 ; 0 ; 1 ; 1 ; 1 ; 1 ; 0
0 ; 0 ; 0 ; 0 ; 0 ; 1 ; 0 ; 0 ; 1 ; 1 ; 1 ; 0
0 ; 0 ; 0 ; 1 ; 1 ; 0 ; 0 ; 0 ; 0 ; 0 ; 1 ; 1
1 ; 1 ; 1 ; 0 ; 1 ; 0 ; 0 ; 1 ; 0 ; 1 ; 1 ; 0
0 ; 1 ; 1 ; 1 ; 1 ; 1 ; 0 ; 0 ; 1 ; 0 ; 0 ; 0
0 ; 0 ; 1 ; 1 ; 1 ; 1 ; 1 ; 0 ; 0 ; 0 ; 1 ; 0
1 ; 0 ; 1 ; 1 ; 1 ; 0 ; 1 ; 0 ; 0 ; 1 ; 1 ; 0
0 ; 0 ; 0 ; 1 ; 0 ; 1 ; 0 ; 0 ; 1 ; 0 ; 0 ; 0
1 ; 1 ; 1 ; 0 ; 1 ; 0 ; 1 ; 0 ; 0 ; 0 ; 1 ; 0
0 ; 1 ; 0 ; 1 ; 1 ; 1 ; 0 ; 1 ; 0 ; 1 ; 1 ; 1
0 ; 1 ; 0 ; 1 ; 0 ; 0 ; 0 ; 1 ; 0 ; 0 ; 1 ; 1
1 ; 0 ; 0 ; 0 ; 0 ; 1 ; 1 ; 1 ; 0 ; 0 ; 0 ; 1
0 ; 1 ; 0 ; 1 ; 0 ; 1 ; 1 ; 1 ; 1 ; 0 ; 1 ; 0
1 ; 1 ; 1 ; 1 ; 1 ; 1 ; 1 ; 0 ; 1 ; 1 ; 1 ; 0
1 ; 0 ; 1 ; 0 ; 1 ; 0 ; 1 ; 1 ; 0 ; 1 ; 1 ; 1
1 ; 1 ; 0 ; 1 ; 0 ; 1 ; 0 ; 0 ; 1 ; 1 ; 0 ; 0
1 ; 0 ; 1 ; 0 ; 0 ; 0 ; 0 ; 1 ; 1 ; 1 ; 1 ; 0
1 ; 0 ; 0 ; 1 ; 0 ; 1 ; 1 ; 0 ; 0 ; 1 ; 1 ; 0
0 ; 0 ; 1 ; 0 ; 0 ; 1 ; 0 ; 0 ; 0 ; 1 ; 1 ; 0
1 ; 0 ; 0 ; 1 ; 0 ; 1 ; 0 ; 0 ; 1 ; 0 ; 0 ; 1
0 ; 1 ; 0 ; 1 ; 1 ; 1 ; 1 ; 0 ; 1 ; 0 ; 0 ; 0
1 ; 1 ; 1 ; 0 ; 1 ; 0 ; 1 ; 0 ; 1 ; 1 ; 1 ; 0
1 ; 0 ; 0 ; 1 ; 0 ; 1 ; 0 ; 1 ; 0 ; 1 ; 0 ; 0
1 ; 1 ; 0 ; 1 ; 1 ; 0 ; 0 ; 1 ; 0 ; 1 ; 0 ; 0
1 ; 1 ; 0 ; 1 ; 1 ; 0 ; 1 ; 0 ; 0 ; 0 ; 1 ; 1
0 ; 0 ; 0 ; 0 ; 0 ; 0 ; 1 ; 1 ; 0 ; 0 ; 0 ; 1
0 ; 1 ; 0 ; 1 ; 1 ; 1 ; 0 ; 1 ; 1 ; 0 ; 0 ; 0
1 ; 1 ; 0 ; 1 ; 0 ; 1 ; 0 ; 1 ; 0 ; 1 ; 0 ; 1
1 ; 1 ; 0 ; 0 ; 0 ; 1 ; 0 ; 1 ; 1 ; 1 ; 1 ; 0
0 ; 0 ; 1 ; 0 ; 1 ; 1 ; 0 ; 1 ; 0 ; 0 ; 0 ; 1
0 ; 0 ; 0 ; 1 ; 1 ; 0 ; 0 ; 1 ; 0 ; 0 ; 0 ; 0
1 ; 1 ; 0 ; 0 ; 1 ; 1 ; 1 ; 1 ; 0 ; 0 ; 1 ; 1
0 ; 0 ; 1 ; 0 ; 0 ; 0 ; 1 ; 1 ; 1 ; 0 ; 0 ; 1
0 ; 0 ; 1 ; 1 ; 1 ; 1 ; 0 ; 1 ; 0 ; 1 ; 1 ; 1
0 ; 1 ; 0 ; 1 ; 0 ; 1 ; 0 ; 1 ; 1 ; 0 ; 0 ; 0
1 ; 1 ; 1 ; 1 ; 1 ; 1 ; 0 ; 0 ; 1 ; 0 ; 0 ; 1
0 ; 0 ; 1 ; 1 ; 1 ; 1 ; 1 ; 0 ; 0 ; 1 ; 1 ; 1
0 ; 0 ; 1 ; 0 ; 1 ; 0 ; 0 ; 1 ; 0 ; 1 ; 0 ; 0
1 ; 1 ; 0 ; 1 ; 0 ; 0 ; 0 ; 0 ; 0 ; 0 ; 1 ; 1
0 ; 1 ; 1 ; 0 ; 1 ; 1 ; 0 ; 1 ; 0 ; 1 ; 1 ; 0
1 ; 0 ; 1 ; 0 ; 1 ; 1 ; 1 ; 1 ; 0 ; 0 ; 1 ; 1
1 ; 0 ; 0 ; 0 ; 1 ; 1 ; 0 ; 1 ; 1 ; 0 ; 1 ; 1
1 ; 1 ; 0 ; 1 ; 1 ; 0 ; 1 ; 1 ; 0 ; 1 ; 0 ; 0
1 ; 0 ; 1 ; 1 ; 0 ; 1 ; 0 ; 0 ; 1 ; 1 ; 1 ; 0
1 ; 1 ; 1 ; 0 ; 0 ; 1 ; 1 ; 0 ; 1 ; 0 ; 1 ; 0
1 ; 1 ; 0 ; 1 ; 1 ; 0 ; 1 ; 0 ; 0 ; 0 ; 1 ; 0
0 ; 0 ; 0 ; 1 ; 0 ; 1 ; 1 ; 0 ; 1 ; 0 ; 0 ; 1
1 ; 0 ; 1 ; 1 ; 1 ; 1 ; 1 ; 1 ; 0 ; 1 ; 1 ; 0
0 ; 0 ; 1 ; 1 ; 0 ; 0 ; 0 ; 0 ; 1 ; 0 ; 0 ; 0
0 ; 1 ; 0 ; 1 ; 1 ; 0 ; 1 ; 1 ; 1 ; 0 ; 1 ; 1
0 ; 1 ; 0 ; 1 ; 1 ; 1 ; 1 ; 1 ; 1 ; 1 ; 0 ; 0
0 ; 0 ; 0 ; 0 ; 0 ; 1 ; 0 ; 0 ; 1 ; 1 ; 0 ; 0
1 ; 1 ; 0 ; 0 ; 0 ; 0 ; 0 ; 0 ; 1 ; 0 ; 0 ; 0
0 ; 0 ; 1 ; 0 ; 0 ; 1 ; 1 ; 1 ; 0 ; 1 ; 0 ; 1
1 ; 1 ; 1 ; 1 ; 1 ; 1 ; 1 ; 1 ; 1 ; 1 ; 0 ; 0
0 ; 1 ; 0 ; 1 ; 0 ; 0 ; 0 ; 0 ; 0 ; 1 ; 0 ; 0
1 ; 1 ; 1 ; 0 ; 0 ; 1 ; 0 ; 1 ; 0 ; 0 ; 0 ; 1
0 ; 1 ; 0 ; 1 ; 1 ; 1 ; 0 ; 0 ; 0 ; 1 ; 1 ; 1
0 ; 1 ; 1 ; 0 ; 0 ; 1 ; 0 ; 0 ; 1 ; 0 ; 1 ; 1
0 ; 0 ; 0 ; 0 ; 0 ; 0 ; 1 ; 0 ; 1 ; 1 ; 1 ; 0
0 ; 1 ; 0 ; 0 ; 0 ; 1 ; 0 ; 0 ; 1 ; 1 ; 0 ; 0
1 ; 1 ; 1 ; 1 ; 0 ; 0 ; 1 ; 1 ; 0 ; 0 ; 1 ; 1
0 ; 1 ; 1 ; 0 ; 0 ; 0 ; 0 ; 1 ; 1 ; 0 ; 1 ; 0
1 ; 1 ; 0 ; 0 ; 1 ; 1 ; 1 ; 1 ; 0 ; 0 ; 0 ; 0
1 ; 1 ; 0 ; 0 ; 0 ; 0 ; 0 ; 0 ; 1 ; 0 ; 0 ; 0
1 ; 0 ; 0 ; 1 ; 0 ; 1 ; 0 ; 0 ; 1 ; 1 ; 1 ; 0
0 ; 0 ; 1 ; 1 ; 1 ; 1 ; 0 ; 0 ; 0 ; 1 ; 0 ; 1
1 ; 0 ; 0 ; 1 ; 0 ; 0 ; 1 ; 1 ; 1 ; 0 ; 0 ; 0
0 ; 0 ; 1 ; 0 ; 1 ; 1 ; 1 ; 1 ; 1 ; 0 ; 1 ; 1
0 ; 0 ; 1 ; 0 ; 0 ; 0 ; 1 ; 0 ; 0 ; 1 ; 0 ; 0
1 ; 1 ; 0 ; 0 ; 0 ; 0 ; 0 ; 1 ; 0 ; 1 ; 1 ; 0
0 ; 0 ; 1 ; 0 ; 1 ; 0 ; 1 ; 0 ; 0 ; 0 ; 0 ; 1
1 ; 1 ; 0 ; 1 ; 1 ; 0 ; 0 ; 0 ; 0 ; 0 ; 0 ; 1
0 ; 1 ; 0 ; 0 ; 1 ; 0 ; 1 ; 0 ; 1 ; 0 ; 0 ; 1
1 ; 0 ; 1 ; 0 ; 0 ; 0 ; 1 ; 0 ; 1 ; 0 ; 1 ; 0
1 ; 0 ; 1 ; 1 ; 0 ; 0 ; 0 ; 1 ; 1 ; 0 ; 1 ; 1
0 ; 1 ; 0 ; 1 ; 1 ; 0 ; 0 ; 0 ; 1 ; 1 ; 0 ; 0
1 ; 0 ; 1 ; 1 ; 1 ; 1 ; 0 ; 1 ; 1 ; 0 ; 1 ; 1
0 ; 1 ; 1 ; 0 ; 1 ; 1 ; 1 ; 1 ; 1 ; 1 ; 1 ; 0
1 ; 0 ; 0 ; 1 ; 0 ; 0 ; 0 ; 1 ; 1 ; 0 ; 1 ; 1
0 ; 1 ; 0 ; 1 ; 0 ; 1 ; 0 ; 0 ; 0 ; 0 ; 0 ; 0
0 ; 0 ; 1 ; 1 ; 1 ; 0 ; 0 ; 1 ; 1 ; 0 ; 1 ; 1
0 ; 0 ; 1 ; 0 ; 0 ; 1 ; 0 ; 1 ; 1 ; 0 ; 0 ; 1
1 ; 0 ; 1 ; 1 ; 1 ; 1 ; 1 ; 1 ; 1 ; 1 ; 0 ; 0
0 ; 0 ; 1 ; 0 ; 0 ; 0 ; 1 ; 0 ; 0 ; 0 ; 1 ; 0
0 ; 0 ; 1 ; 1 ; 0 ; 0 ; 1 ; 0 ; 1 ; 1 ; 1 ; 0
1 ; 1 ; 1 ; 1 ; 1 ; 0 ; 0 ; 1 ; 1 ; 1 ; 1 ; 0
0 ; 0 ; 1 ; 0 ; 1 ; 1 ; 0 ; 1 ; 0 ; 0 ; 0 ; 0
1 ; 0 ; 0 ; 1 ; 1 ; 1 ; 1 ; 0 ; 0 ; 0 ; 0 ; 0
1 ; 0 ; 1 ; 0 ; 1 ; 0 ; 0 ; 0 ; 0 ; 1 ; 1 ; 0
1 ; 0 ; 0 ; 0 ; 1 ; 1 ; 1 ; 0 ; 1 ; 0 ; 1 ; 0
1 ; 0 ; 0 ; 0 ; 1 ; 1 ; 0 ; 1 ; 1 ; 1 ; 1 ; 0
1 ; 0 ; 0 ; 1 ; 1 ; 0 ; 0 ; 0 ; 1 ; 1 ; 1 ; 1
0 ; 0 ; 1 ; 1 ; 1 ; 0 ; 0 ; 0 ; 1 ; 1 ; 1 ; 1
0 ; 0 ; 0 ; 0 ; 0 ; 1 ; 1 ; 1 ; 1 ; 0 ; 1 ; 0
1 ; 0 ; 0 ; 0 ; 0 ; 0 ; 0 ; 1 ; 0 ; 0 ; 1 ; 0
1 ; 0 ; 0 ; 0 ; 0 ; 0 ; 0 ; 1 ; 1 ; 0 ; 1 ; 0
0 ; 0 ; 1 ; 0 ; 0 ; 1 ; 1 ; 1 ; 0 ; 1 ; 0 ; 1
0 ; 0 ; 1 ; 0 ; 0 ; 0 ; 0 ; 0 ; 0 ; 1 ; 0 ; 1
1 ; 0 ; 0 ; 1 ; 1 ; 0 ; 1 ; 1 ; 1 ; 0 ; 1 ; 0
0 ; 1 ; 1 ; 1 ; 0 ; 1 ; 0 ; 0 ; 0 ; 0 ; 0 ; 1
0 ; 1 ; 0 ; 0 ; 0 ; 1 ; 1 ; 0 ; 0 ; 0 ; 0 ; 0
0 ; 0 ; 0 ; 1 ; 0 ; 0 ; 0 ; 0 ; 0 ; 1 ; 1 ; 0
1 ; 1 ; 0 ; 1 ; 1 ; 0 ; 1 ; 1 ; 1 ; 1 ; 1 ; 1
0 ; 0 ; 1 ; 0 ; 1 ; 1 ; 0 ; 0 ; 1 ; 1 ; 0 ; 1
1 ; 1 ; 0 ; 0 ; 1 ; 0 ; 1 ; 1 ; 1 ; 0 ; 0 ; 1
0 ; 0 ; 0 ; 0 ; 0 ; 1 ; 1 ; 1 ; 1 ; 0 ; 0 ; 0
1 ; 0 ; 1 ; 1 ; 1 ; 1 ; 1 ; 0 ; 0 ; 1 ; 0 ; 0
1 ; 1 ; 1 ; 0 ; 1 ; 0 ; 0 ; 1 ; 0 ; 1 ; 0 ; 1
0 ; 0 ; 1 ; 0 ; 0 ; 0 ; 1 ; 1 ; 1 ; 0 ; 0 ; 1
1 ; 0 ; 0 ; 0 ; 1 ; 1 ; 0 ; 0 ; 0 ; 0 ; 0 ; 0
0 ; 0 ; 1 ; 0 ; 0 ; 1 ; 0 ; 1 ; 1 ; 1 ; 1 ; 1
1 ; 1 ; 1 ; 1 ; 0 ; 0 ; 1 ; 0 ; 1 ; 0 ; 0 ; 0
0 ; 0 ; 1 ; 1 ; 1 ; 1 ; 0 ; 0 ; 0 ; 1 ; 1 ; 0
1 ; 1 ; 0 ; 0 ; 0 ; 1 ; 1 ; 0 ; 0 ; 1 ; 0 ; 0
1 ; 0 ; 0 ; 0 ; 0 ; 1 ; 1 ; 1 ; 0 ; 0 ; 0 ; 0
1 ; 1 ; 1 ; 1 ; 1 ; 1 ; 1 ; 1 ; 1 ; 1 ; 0 ; 0
1 ; 0 ; 1 ; 0 ; 1 ; 0 ; 1 ; 1 ; 0 ; 0 ; 0 ; 1
0 ; 0 ; 1 ; 0 ; 0 ; 1 ; 0 ; 0 ; 1 ; 0 ; 0 ; 0
1 ; 1 ; 1 ; 1 ; 0 ; 1 ; 0 ; 0 ; 1 ; 0 ; 1 ; 0
0 ; 1 ; 1 ; 1 ; 1 ; 1 ; 1 ; 1 ; 1 ; 0 ; 0 ; 1
0 ; 0 ; 0 ; 1 ; 1 ; 1 ; 1 ; 0 ; 0 ; 0 ; 0 ; 0
0 ; 0 ; 0 ; 0 ; 1 ; 1 ; 1 ; 1 ; 0 ; 0 ; 0 ; 0
0 ; 0 ; 0 ; 1 ; 1 ; 1 ; 0 ; 1 ; 1 ; 1 ; 0 ; 0
0 ; 0 ; 0 ; 0 ; 1 ; 1 ; 0 ; 1 ; 0 ; 0 ; 1 ; 1
0 ; 0 ; 0 ; 1 ; 1 ; 0 ; 1 ; 0 ; 1 ; 0 ; 0 ; 1
1 ; 1 ; 0 ; 1 ; 1 ; 1 ; 0 ; 0 ; 0 ; 0 ; 1 ; 1
0 ; 1 ; 0 ; 1 ; 1 ; 0 ; 0 ; 0 ; 0 ; 0 ; 0 ; 0
1 ; 0 ; 0 ; 0 ; 1 ; 1 ; 1 ; 0 ; 1 ; 0 ; 0 ; 1
1 ; 0 ; 1 ; 0 ; 0 ; 1 ; 1 ; 1 ; 0 ; 0 ; 0 ; 0
1 ; 1 ; 0 ; 1 ; 0 ; 1 ; 1 ; 0 ; 1 ; 1 ; 1 ; 0
0 ; 1 ; 1 ; 1 ; 0 ; 1 ; 0 ; 0 ; 1 ; 0 ; 1 ; 0
0 ; 1 ; 0 ; 1 ; 1 ; 1 ; 1 ; 0 ; 1 ; 1 ; 0 ; 0
0 ; 0 ; 0 ; 0 ; 0 ; 0 ; 1 ; 0 ; 1 ; 1 ; 1 ; 0
1 ; 1 ; 1 ; 0 ; 0 ; 1 ; 1 ; 0 ; 1 ; 1 ; 0 ; 1
0 ; 1 ; 1 ; 1 ; 1 ; 0 ; 1 ; 1 ; 0 ; 0 ; 0 ; 0
0 ; 1 ; 0 ; 0 ; 0 ; 0 ; 1 ; 0 ; 0 ; 1 ; 1 ; 1
0 ; 0 ; 0 ; 1 ; 0 ; 0 ; 1 ; 0 ; 0 ; 0 ; 0 ; 1
1 ; 1 ; 1 ; 0 ; 0 ; 0 ; 1 ; 1 ; 1 ; 1 ; 0 ; 0
1 ; 0 ; 1 ; 1 ; 0 ; 0 ; 1 ; 1 ; 1 ; 0 ; 0 ; 0
0 ; 0 ; 1 ; 0 ; 1 ; 0 ; 0 ; 0 ; 1 ; 0 ; 1 ; 1
1 ; 0 ; 1 ; 1 ; 0 ; 1 ; 1 ; 1 ; 1 ; 0 ; 0 ; 1
1 ; 1 ; 0 ; 1 ; 0 ; 1 ; 0 ; 1 ; 1 ; 0 ; 1 ; 1
1 ; 0 ; 1 ; 0 ; 1 ; 0 ; 1 ; 0 ; 0 ; 1 ; 1 ; 0
1 ; 0 ; 0 ; 0 ; 0 ; 1 ; 0 ; 0 ; 1 ; 1 ; 1 ; 1
0 ; 1 ; 0 ; 0 ; 0 ; 1 ; 1 ; 1 ; 1 ; 0 ; 1 ; 0
0 ; 1 ; 1 ; 0 ; 1 ; 0 ; 0 ; 0 ; 1 ; 1 ; 0 ; 0
0 ; 1 ; 0 ; 0 ; 0 ; 0 ; 0 ; 1 ; 1 ; 1 ; 1 ; 1
1 ; 1 ; 1 ; 0 ; 1 ; 1 ; 0 ; 1 ; 0 ; 1 ; 1 ; 1
1 ; 0 ; 0 ; 0 ; 0 ; 1 ; 1 ; 0 ; 1 ; 1 ; 0 ; 0
0 ; 0 ; 1 ; 1 ; 1 ; 0 ; 0 ; 0 ; 0 ; 0 ; 0 ; 1
0 ; 1 ; 1 ; 1 ; 0 ; 0 ; 1 ; 1 ; 1 ; 1 ; 0 ; 1
0 ; 0 ; 1 ; 1 ; 0 ; 1 ; 0 ; 0 ; 1 ; 1 ; 1 ; 0
1 ; 1 ; 1 ; 0 ; 0 ; 1 ; 0 ; 1 ; 0 ; 1 ; 0 ; 1
1 ; 0 ; 1 ; 0 ; 1 ; 1 ; 1 ; 0 ; 1 ; 0 ; 0 ; 1
0 ; 0 ; 1 ; 1 ; 1 ; 0 ; 0 ; 0 ; 0 ; 0 ; 1 ; 0
1 ; 1 ; 0 ; 1 ; 1 ; 0 ; 0 ; 0 ; 1 ; 0 ; 1 ; 1
0 ; 1 ; 0 ; 1 ; 0 ; 1 ; 1 ; 1 ; 0 ; 0 ; 1 ; 1
0 ; 0 ; 1 ; 1 ; 0 ; 1 ; 0 ; 1 ; 0 ; 0 ; 1 ; 1
0 ; 1 ; 1 ; 1 ; 1 ; 1 ; 1 ; 0 ; 0 ; 1 ; 0 ; 1
0 ; 1 ; 0 ; 0 ; 0 ; 1 ; 0 ; 0 ; 1 ; 0 ; 0 ; 1
1 ; 0 ; 0 ; 0 ; 1 ; 1 ; 0 ; 1 ; 1 ; 0 ; 1 ; 0
0 ; 1 ; 1 ; 1 ; 1 ; 1 ; 0 ; 1 ; 0 ; 1 ; 1 ; 0
1 ; 0 ; 0 ; 1 ; 1 ; 1 ; 0 ; 0 ; 1 ; 0 ; 0 ; 0
1 ; 1 ; 0 ; 0 ; 0 ; 0 ; 1 ; 1 ; 1 ; 0 ; 0 ; 0
0 ; 1 ; 1 ; 0 ; 0 ; 0 ; 0 ; 0 ; 1 ; 0 ; 0 ; 0
1 ; 1 ; 0 ; 1 ; 1 ; 1 ; 0 ; 0 ; 1 ; 1 ; 0 ; 0
1 ; 1 ; 1 ; 1 ; 0 ; 1 ; 1 ; 1 ; 1 ; 1 ; 0 ; 1
